Adj,N,Freq
substantial,improvements,18
substantial,improvement,15
substantial,interest,6
substantial,progress,6
substantial,loss,6
substantial,cost,6
substantial,changes,5
substantial,amount,4
substantial,time,3
substantial,reduction,3
substantial,effect,3
substantial,study,3
substantial,change,3
substantial,work,3
substantial,number,3
substantial,portion,3
substantial,knowledge,3
substantial,gains,3
substantial,analysis,2
substantial,savings,2
substantial,decrease,2
substantial,degradation,2
substantial,drop,2
substantial,effort,2
substantial,utility,2
substantial,impact,2
substantial,part,2
substantial,compression,2
substantial,advantage,2
substantial,drops,2
substantial,margin,2
substantial,difference,2
substantial,variability,2
substantial,use,2
substantial,consequences,2
substantial,noise,1
substantial,speedup,1
substantial,something,1
substantial,increase,1
substantial,gradient,1
substantial,advancements,1
substantial,distinction,1
substantial,contributor,1
substantial,head,1
substantial,privilege,1
substantial,variation,1
substantial,literature,1
substantial,up,1
substantial,horizon,1
substantial,overlap,1
substantial,limitations,1
substantial,reductions,1
substantial,bottleneck,1
substantial,tuning,1
substantial,ability,1
substantial,amounts,1
substantial,discussion,1
substantial,saving,1
substantial,differences,1
substantial,investigates,1
substantial,lag,1
substantial,degree,1
substantial,gain,1
substantial,robustness,1
substantial,boost,1
substantial,evidence,1
substantial,gap,1
substantial,history,1
substantial,challenge,1
substantial,step,1
substantial,resources,1
substantial,size,1
substantial,level,1
substantial,smoothing,1
extensive,experiments,53
extensive,search,21
extensive,study,17
extensive,evaluation,16
extensive,results,12
extensive,tuning,10
extensive,research,9
extensive,use,9
extensive,set,9
extensive,studies,6
extensive,analysis,6
extensive,exploration,6
extensive,work,6
extensive,validation,5
extensive,comparison,5
extensive,knowledge,5
extensive,literature,5
extensive,investigation,5
extensive,evaluations,5
extensive,structure,4
extensive,experimentation,4
extensive,description,3
extensive,comparisons,3
extensive,body,3
extensive,effort,3
extensive,simulations,3
extensive,form,3
extensive,evidence,3
extensive,pool,2
extensive,amounts,2
extensive,works,2
extensive,discussions,2
extensive,distribution,2
extensive,amount,2
extensive,engineering,2
extensive,parameters,2
extensive,selection,2
extensive,game,2
extensive,intervention,2
extensive,input,2
extensive,searches,2
extensive,testing,1
extensive,model,1
extensive,framework,1
extensive,architecture,1
extensive,data,1
extensive,analyses,1
extensive,trial,1
extensive,space,1
extensive,details,1
extensive,attention,1
extensive,measurements,1
extensive,variety,1
extensive,annotation,1
extensive,overview,1
extensive,review,1
extensive,augmentation,1
extensive,depiction,1
extensive,reuse,1
extensive,survey,1
extensive,feature,1
extensive,sharing,1
extensive,hyper,1
extensive,optimizations,1
extensive,process,1
extensive,ablation,1
extensive,explanations,1
extensive,discussion,1
extensive,play,1
extensive,list,1
extensive,tests,1
extensive,processing,1
extensive,number,1
extensive,training,1
extensive,platform,1
extensive,investigations,1
extensive,lightweight,1
ample,complexity,4
ample,quality,2
ample,opportunity,2
ample,paths,2
ample,examples,2
ample,information,2
ample,evidence,2
ample,experimentation,1
ample,programs,1
ample,amount,1
ample,amounts,1
ample,specification,1
ample,attention,1
ample,case,1
ample,source,1
ample,specter,1
ample,metrics,1
ample,frames,1
ample,data,1
ample,redundancy,1
ample,efficiency,1
meaningful,representation,18
meaningful,information,17
meaningful,features,15
meaningful,representations,14
meaningful,results,12
meaningful,way,11
meaningful,gradients,9
meaningful,structure,9
meaningful,patterns,7
meaningful,order,7
meaningful,samples,7
meaningful,estimates,6
meaningful,space,6
meaningful,images,6
meaningful,relational,6
meaningful,entity,6
meaningful,signal,5
meaningful,embeddings,5
meaningful,image,5
meaningful,discovery,5
meaningful,coordination,5
meaningful,relationships,5
meaningful,comparisons,4
meaningful,changes,4
meaningful,formation,4
meaningful,concepts,4
meaningful,solution,4
meaningful,transitions,4
meaningful,distributions,3
meaningful,interpretation,3
meaningful,embedding,3
meaningful,knowledge,3
meaningful,anything,3
meaningful,codes,3
meaningful,semantics,3
meaningful,loss,3
meaningful,directions,3
meaningful,metric,3
meaningful,clusters,3
meaningful,paths,3
meaningful,pairs,3
meaningful,mapping,2
meaningful,extraction,2
meaningful,improvement,2
meaningful,visualizations,2
meaningful,policies,2
meaningful,messages,2
meaningful,scores,2
meaningful,states,2
meaningful,schemes,2
meaningful,word,2
meaningful,function,2
meaningful,reconstructions,2
meaningful,parts,2
meaningful,improvements,2
meaningful,discussions,2
meaningful,categories,2
meaningful,properties,2
meaningful,neighborhoods,2
meaningful,patches,2
meaningful,ways,2
meaningful,correlations,2
meaningful,relation,2
meaningful,variable,2
meaningful,similarities,2
meaningful,interpolations,2
meaningful,options,2
meaningful,visualization,2
meaningful,structures,2
meaningful,trends,2
meaningful,distribution,2
meaningful,tics,2
meaningful,sub,2
meaningful,sentences,2
meaningful,decrease,2
meaningful,behavior,2
meaningful,observations,2
meaningful,unit,2
meaningful,clustering,2
meaningful,state,2
meaningful,units,2
meaningful,indication,1
meaningful,phenomenon,1
meaningful,events,1
meaningful,plots,1
meaningful,polices,1
meaningful,predictions,1
meaningful,orders,1
meaningful,distance,1
meaningful,phrases,1
meaningful,attributions,1
meaningful,sequences,1
meaningful,replies,1
meaningful,pattern,1
meaningful,detection,1
meaningful,maps,1
meaningful,measure,1
meaningful,description,1
meaningful,programs,1
meaningful,comparison,1
meaningful,objective,1
meaningful,cost,1
meaningful,bounds,1
meaningful,data,1
meaningful,augmentation,1
meaningful,partitions,1
meaningful,names,1
meaningful,macro,1
meaningful,question,1
meaningful,questions,1
meaningful,dependencies,1
meaningful,vectors,1
meaningful,factor,1
meaningful,matrix,1
meaningful,comparing,1
meaningful,solutions,1
meaningful,guarantee,1
meaningful,assemblies,1
meaningful,conclusion,1
meaningful,modes,1
meaningful,attributes,1
meaningful,relationship,1
meaningful,ordinal,1
meaningful,mapper,1
meaningful,abstractions,1
meaningful,matrices,1
meaningful,example,1
meaningful,gradient,1
meaningful,subregion,1
meaningful,shared,1
meaningful,boundary,1
meaningful,view,1
meaningful,uncertainty,1
meaningful,grouping,1
meaningful,dimensions,1
meaningful,renders,1
meaningful,use,1
meaningful,estimations,1
meaningful,change,1
meaningful,principle,1
meaningful,difference,1
meaningful,robustness,1
meaningful,convolution,1
meaningful,step,1
meaningful,reconstruction,1
meaningful,characteristic,1
meaningful,words,1
meaningful,behaviors,1
meaningful,values,1
meaningful,distances,1
meaningful,losses,1
meaningful,criteria,1
meaningful,leads,1
meaningful,variations,1
meaningful,content,1
meaningful,organization,1
meaningful,length,1
meaningful,sense,1
meaningful,aspect,1
meaningful,fashion,1
meaningful,evaluation,1
diverse,set,70
diverse,samples,31
diverse,tasks,18
diverse,images,18
diverse,network,12
diverse,range,10
diverse,behaviors,10
diverse,examples,9
diverse,networks,9
diverse,scenes,8
diverse,responses,7
diverse,domains,6
diverse,environment,6
diverse,types,6
diverse,capabilities,6
diverse,features,5
diverse,categories,5
diverse,patterns,4
diverse,solutions,4
diverse,shapes,4
diverse,variations,4
diverse,distributions,4
diverse,modes,4
diverse,environments,4
diverse,objects,4
diverse,characters,4
diverse,collection,3
diverse,image,3
diverse,predictions,3
diverse,problems,3
diverse,outputs,3
diverse,translations,3
diverse,colorization,3
diverse,graphs,3
diverse,view,3
diverse,population,3
diverse,sub,3
diverse,model,3
diverse,objectives,3
diverse,models,3
diverse,families,2
diverse,architectures,2
diverse,density,2
diverse,kinds,2
diverse,vocabulary,2
diverse,results,2
diverse,inputs,2
diverse,sample,2
diverse,divergence,2
diverse,states,2
diverse,grammars,2
diverse,motivations,2
diverse,situations,2
diverse,applications,2
diverse,sets,2
diverse,ensembles,2
diverse,actions,2
diverse,search,2
diverse,distribution,2
diverse,array,2
diverse,signals,1
diverse,activation,1
diverse,classes,1
diverse,skills,1
diverse,proposals,1
diverse,subset,1
diverse,conditions,1
diverse,answers,1
diverse,representation,1
diverse,simulations,1
diverse,batches,1
diverse,subsets,1
diverse,ancestries,1
diverse,instances,1
diverse,exploration,1
diverse,backgrounds,1
diverse,gradients,1
diverse,looking,1
diverse,attributes,1
diverse,diverse,1
diverse,performance,1
diverse,relationships,1
diverse,lengths,1
diverse,populations,1
diverse,uses,1
diverse,adversaries,1
diverse,role,1
diverse,views,1
diverse,algorithms,1
diverse,cover,1
diverse,neighborhood,1
diverse,nodes,1
diverse,pool,1
diverse,relations,1
diverse,content,1
diverse,experiences,1
diverse,policies,1
diverse,words,1
diverse,ensemble,1
diverse,targets,1
diverse,values,1
diverse,batch,1
diverse,scale,1
diverse,boundaries,1
diverse,molecules,1
diverse,measures,1
diverse,points,1
diverse,agent,1
diverse,policy,1
diverse,as,1
diverse,six,1
diverse,poses,1
diverse,training,1
diverse,sampling,1
diverse,step,1
diverse,recollections,1
diverse,structures,1
diverse,demonstrations,1
diverse,context,1
diverse,sentences,1
diverse,settings,1
diverse,with,1
diverse,topologies,1
diverse,selection,1
diverse,cluster,1
diverse,paper,1
diverse,complexities,1
diverse,experts,1
diverse,designs,1
diverse,data,1
diverse,cultures,1
enormous,amount,6
enormous,size,4
enormous,gap,2
enormous,amounts,2
enormous,number,2
enormous,resources,2
enormous,noise,2
enormous,utility,2
enormous,model,2
enormous,positions,2
enormous,compute,1
enormous,potential,1
enormous,database,1
enormous,impact,1
enormous,progress,1
enormous,success,1
deeper,networks,100
deeper,layers,47
deeper,network,41
deeper,understanding,35
deeper,models,22
deeper,architectures,17
deeper,model,8
deeper,layer,7
deeper,analysis,6
deeper,ones,4
deeper,architecture,4
deeper,trees,4
deeper,works,4
deeper,standing,4
deeper,structure,3
deeper,features,3
deeper,counterpart,2
deeper,investigation,2
deeper,knowledge,2
deeper,graph,2
deeper,color,2
deeper,stacks,2
deeper,hierarchies,2
deeper,structures,2
deeper,decompositions,2
deeper,contexts,2
deeper,recursion,1
deeper,from,1
deeper,perspective,1
deeper,one,1
deeper,ion,1
deeper,parts,1
deeper,annotations,1
deeper,level,1
deeper,problems,1
deeper,pathways,1
deeper,blocks,1
deeper,variants,1
deeper,understand,1
deeper,aspect,1
deeper,insight,1
deeper,representations,1
deeper,representation,1
deeper,language,1
deeper,interpretation,1
deeper,levels,1
deeper,hierarchy,1
deeper,relationship,1
deeper,equations,1
deeper,fusion,1
deeper,inspection,1
deeper,experiment,1
rich,information,37
rich,representation,28
rich,environments,14
rich,set,13
rich,class,13
rich,representations,12
rich,knowledge,10
rich,features,10
rich,hierarchies,10
rich,body,8
rich,models,7
rich,structure,7
rich,space,7
rich,environment,7
rich,domains,5
rich,model,5
rich,distribution,4
rich,literature,4
rich,data,4
rich,dependence,4
rich,history,4
rich,repository,3
rich,family,3
rich,regions,3
rich,structures,3
rich,problem,3
rich,seed,2
rich,word,2
rich,spaces,2
rich,transformations,2
rich,array,2
rich,processes,2
rich,transformation,2
rich,minimum,2
rich,diversity,2
rich,experience,2
rich,capacity,2
rich,semantics,2
rich,tasks,2
rich,understanding,2
rich,source,2
rich,input,2
rich,tics,2
rich,theory,2
rich,landscape,2
rich,language,2
rich,form,2
rich,classes,2
rich,behaviors,2
rich,annotations,2
rich,recommendations,2
rich,performance,2
rich,guidance,1
rich,variations,1
rich,variables,1
rich,variable,1
rich,toolbox,1
rich,subject,1
rich,experiments,1
rich,repertoires,1
rich,topic,1
rich,varieties,1
rich,scenarios,1
rich,setups,1
rich,amount,1
rich,distributions,1
rich,hierarchy,1
rich,encoding,1
rich,cultures,1
rich,inferences,1
rich,languages,1
rich,errors,1
rich,variety,1
rich,settings,1
rich,extractors,1
rich,repertoire,1
rich,signal,1
rich,encoder,1
rich,supervision,1
rich,functions,1
rich,transition,1
rich,prior,1
rich,dynamics,1
rich,control,1
rich,constraints,1
rich,detail,1
rich,observation,1
rich,sentence,1
rich,notions,1
rich,interactions,1
rich,function,1
rich,skills,1
rich,nature,1
rich,content,1
rich,labels,1
rich,sources,1
key,idea,70
key,difference,46
key,value,33
key,insight,32
key,observation,32
key,challenge,25
key,component,21
key,differences,21
key,contributions,21
key,components,20
key,contribution,19
key,role,16
key,point,16
key,property,16
key,states,16
key,challenges,15
key,properties,15
key,embeddings,15
key,ingredients,14
key,question,14
key,ideas,14
key,aspect,13
key,problem,13
key,vectors,12
key,features,11
key,metrics,10
key,advantage,10
key,questions,10
key,information,10
key,step,9
key,results,9
key,ingredient,9
key,observations,8
key,vector,8
key,words,8
key,feature,8
key,invariant,8
key,dimensionality,8
key,element,6
key,factors,6
key,advantages,6
key,issue,6
key,intuition,6
key,ways,6
key,assumptions,5
key,characteristic,5
key,factor,5
key,issues,5
key,assumption,5
key,invariance,5
key,representation,4
key,innovations,4
key,blocks,4
key,dimension,4
key,locations,4
key,elements,4
key,decisions,4
key,points,4
key,takeaways,4
key,quantities,4
key,task,4
key,learning,4
key,size,4
key,pairs,4
key,parameters,3
key,facts,3
key,concept,3
key,message,3
key,structures,3
key,principle,3
key,limitations,3
key,characteristics,3
key,location,3
key,motivation,3
key,innovation,3
key,result,3
key,distinction,3
key,noise,3
key,fact,3
key,reason,3
key,priorities,3
key,operation,3
key,state,3
key,aspects,3
key,controls,3
key,dimensionalities,3
key,length,2
key,exchange,2
key,constraints,2
key,terms,2
key,accomplishment,2
key,channels,2
key,disadvantage,2
key,postulate,2
key,function,2
key,values,2
key,importance,2
key,mechanism,2
key,bottleneck,2
key,requirements,2
key,vantages,2
key,insights,2
key,word,2
key,tor,2
key,capabilities,2
key,steps,2
key,statistics,2
key,limitation,2
key,attribute,2
key,dings,2
key,ding,2
key,kin,2
key,choice,2
key,lemma,2
key,frames,2
key,reasons,2
key,novelty,2
key,quantity,2
key,mechanisms,2
key,substructures,2
key,requirement,2
key,scores,2
key,switch,2
key,traits,2
key,weakness,2
key,attributes,2
key,version,2
key,concepts,2
key,moves,2
key,strategies,2
key,development,2
key,formation,2
key,generation,2
key,variables,1
key,milestone,1
key,interests,1
key,parts,1
key,improvement,1
key,detection,1
key,pieces,1
key,roles,1
key,construction,1
key,map,1
key,evaluation,1
key,concern,1
key,objective,1
key,process,1
key,layers,1
key,techniques,1
key,goal,1
key,measurements,1
key,success,1
key,enablers,1
key,contributors,1
key,source,1
key,set,1
key,frame,1
key,skills,1
key,problems,1
key,strengths,1
key,experiments,1
key,gains,1
key,solution,1
key,model,1
key,tors,1
key,determinants,1
key,determinant,1
key,decision,1
key,square,1
key,son,1
key,matching,1
key,present,1
key,use,1
key,memory,1
key,constraint,1
key,pressed,1
key,application,1
key,lemmas,1
key,variable,1
key,key,1
key,perform,1
key,settings,1
key,models,1
key,swaps,1
key,swap,1
key,nodes,1
key,thoughts,1
key,considerations,1
key,predictors,1
key,objects,1
key,cause,1
key,consequence,1
key,verbs,1
key,reference,1
key,light,1
key,switches,1
key,sets,1
key,units,1
key,criteria,1
key,ii,1
key,aim,1
key,node,1
key,driver,1
key,characters,1
key,projection,1
key,thing,1
key,claims,1
key,technique,1
key,approaches,1
key,choices,1
key,kn,1
key,shortcomings,1
key,utility,1
key,principles,1
key,facets,1
key,equation,1
key,baseline,1
key,presses,1
key,sight,1
key,k,1
key,takeaway,1
key,implications,1
key,subject,1
key,topics,1
key,semantics,1
key,messages,1
key,metric,1
key,buildings,1
key,sizes,1
broad,range,32
broad,class,14
broad,coverage,12
broad,family,7
broad,distribution,7
broad,set,6
broad,classes,6
broad,categories,6
broad,applicability,4
broad,overview,3
broad,validation,3
broad,variety,3
broad,cylinder,2
broad,spectrum,2
broad,style,2
broad,suite,2
broad,aspects,2
broad,category,2
broad,context,2
broad,sense,2
broad,arena,1
broad,claims,1
broad,implications,1
broad,terns,1
broad,exposure,1
broad,interest,1
broad,applications,1
broad,array,1
broad,picture,1
broad,direction,1
broad,assumptions,1
broad,patterns,1
broad,sharing,1
broad,one,1
broad,definition,1
broad,idea,1
broad,approach,1
broad,comparison,1
broad,issue,1
broad,deployment,1
broad,areas,1
broad,landscape,1
broad,structure,1
broad,specter,1
broad,similarity,1
broad,categorization,1
broad,trend,1
broad,perspective,1
broad,study,1
broad,scale,1
broad,concepts,1
broad,understanding,1
broad,view,1
broad,settings,1
broad,variations,1
broad,distributions,1
notable,works,6
notable,example,6
notable,examples,6
notable,exception,6
notable,advantage,4
notable,difference,4
notable,improvements,3
notable,ones,3
notable,approaches,3
notable,success,3
notable,work,3
notable,case,2
notable,similarities,2
notable,property,2
notable,feature,2
notable,improvement,2
notable,drawback,2
notable,things,2
notable,lack,2
notable,result,2
notable,reduction,2
notable,effort,2
notable,methods,2
notable,value,2
notable,consequence,1
notable,results,1
notable,applications,1
notable,drop,1
notable,bias,1
notable,drawbacks,1
notable,issue,1
notable,approach,1
notable,architectures,1
notable,amount,1
notable,observation,1
notable,collapse,1
notable,impact,1
notable,variations,1
notable,differences,1
notable,aspect,1
notable,disadvantages,1
notable,technique,1
notable,observations,1
notable,threads,1
notable,breakthroughs,1
notable,strengths,1
notable,exceptions,1
notable,quantity,1
notable,problem,1
largest,value,50
largest,eigenvalue,20
largest,entry,19
largest,size,17
largest,values,16
largest,eigenvalues,12
largest,component,11
largest,element,9
largest,corpus,8
largest,entries,8
largest,number,7
largest,gain,7
largest,score,7
largest,reward,7
largest,model,6
largest,difference,6
largest,output,6
largest,space,5
largest,magnitude,5
largest,gap,5
largest,instance,4
largest,distance,4
largest,subset,4
largest,impact,4
largest,radius,4
largest,improvement,3
largest,probability,3
largest,norm,3
largest,loss,3
largest,probabilities,3
largest,database,3
largest,margin,3
largest,projects,3
largest,class,3
largest,directory,3
largest,effect,3
largest,collection,3
largest,gaps,3
largest,one,3
largest,fraction,3
largest,comp,3
largest,coordinate,2
largest,forum,2
largest,weights,2
largest,weight,2
largest,categories,2
largest,proportion,2
largest,base,2
largest,maps,2
largest,models,2
largest,rate,2
largest,subgroup,2
largest,elements,2
largest,curvature,2
largest,decrease,2
largest,ball,2
largest,likelihood,2
largest,dag,2
largest,graph,2
largest,adv,2
largest,figure,2
largest,ratio,2
largest,ratios,2
largest,shift,2
largest,layers,2
largest,i,2
largest,run,2
largest,product,2
largest,axes,2
largest,improvements,2
largest,update,2
largest,direction,2
largest,food,2
largest,architecture,1
largest,data,1
largest,corpora,1
largest,family,1
largest,error,1
largest,area,1
largest,side,1
largest,similarity,1
largest,portion,1
largest,vectors,1
largest,outputs,1
largest,reduction,1
largest,maker,1
largest,giant,1
largest,issue,1
largest,negative,1
largest,crease,1
largest,k,1
largest,f,1
largest,scale,1
largest,deviate,1
largest,joints,1
largest,independent,1
largest,network,1
largest,xi,1
largest,truncation,1
largest,scores,1
largest,variance,1
largest,separation,1
largest,gains,1
largest,category,1
largest,benchmark,1
largest,change,1
largest,discrepancy,1
largest,coordinates,1
largest,tensor,1
largest,index,1
largest,column,1
largest,advantage,1
largest,red,1
largest,variances,1
largest,width,1
largest,regret,1
largest,activations,1
largest,consisting,1
largest,drop,1
largest,conn,1
largest,amount,1
largest,curvatures,1
largest,karate,1
interesting,direction,50
interesting,properties,31
interesting,observation,30
interesting,question,24
interesting,work,19
interesting,directions,19
interesting,patterns,14
interesting,observations,13
interesting,problem,13
interesting,result,12
interesting,property,11
interesting,questions,9
interesting,avenue,9
interesting,pattern,9
interesting,phenomenon,8
interesting,case,8
interesting,tasks,7
interesting,feature,6
interesting,insights,6
interesting,results,6
interesting,effect,6
interesting,connection,5
interesting,applications,5
interesting,point,5
interesting,aspect,5
interesting,features,5
interesting,behaviors,5
interesting,topic,5
interesting,thing,5
interesting,phenomena,4
interesting,models,4
interesting,space,4
interesting,perspective,4
interesting,ways,4
interesting,problems,4
interesting,sampling,4
interesting,methods,3
interesting,connections,3
interesting,challenge,3
interesting,byproduct,3
interesting,framework,3
interesting,addition,3
interesting,application,3
interesting,places,3
interesting,fact,3
interesting,challenges,3
interesting,interpretation,3
interesting,experiments,3
interesting,research,3
interesting,capabilities,3
interesting,model,3
interesting,extensions,3
interesting,relationship,2
interesting,behavior,2
interesting,designs,2
interesting,example,2
interesting,cases,2
interesting,drama,2
interesting,objects,2
interesting,strategy,2
interesting,baselines,2
interesting,outcome,2
interesting,characteristics,2
interesting,intersections,2
interesting,approach,2
interesting,area,2
interesting,evaluation,2
interesting,extension,2
interesting,aspects,2
interesting,trends,2
interesting,balance,2
interesting,architectures,2
interesting,choice,2
interesting,avenues,2
interesting,characteristic,2
interesting,things,2
interesting,line,2
interesting,losses,2
interesting,similarities,2
interesting,consequence,2
interesting,architecture,2
interesting,setting,2
interesting,implications,2
interesting,structure,2
interesting,idea,2
interesting,paper,2
interesting,networks,2
interesting,works,2
interesting,combination,1
interesting,algorithms,1
interesting,candidate,1
interesting,alternative,1
interesting,operations,1
interesting,environment,1
interesting,pair,1
interesting,discussion,1
interesting,study,1
interesting,contribution,1
interesting,goals,1
interesting,outcomes,1
interesting,samples,1
interesting,transformation,1
interesting,attributes,1
interesting,part,1
interesting,comparison,1
interesting,section,1
interesting,distributions,1
interesting,trend,1
interesting,use,1
interesting,contrast,1
interesting,progression,1
interesting,examples,1
interesting,environments,1
interesting,thread,1
interesting,note,1
interesting,off,1
interesting,variation,1
interesting,statistics,1
interesting,nothing,1
interesting,issues,1
interesting,bias,1
interesting,article,1
interesting,method,1
interesting,hypotheses,1
interesting,way,1
interesting,relation,1
interesting,points,1
interesting,sources,1
interesting,endpoint,1
interesting,subject,1
interesting,divergence,1
interesting,anything,1
interesting,option,1
interesting,generalization,1
interesting,synergy,1
interesting,something,1
interesting,prediction,1
interesting,narrowing,1
interesting,counterpart,1
interesting,parallels,1
interesting,set,1
interesting,dichotomy,1
interesting,picture,1
interesting,information,1
interesting,effects,1
interesting,structures,1
interesting,policies,1
interesting,changes,1
interesting,relationships,1
interesting,discussions,1
interesting,outputs,1
interesting,semantics,1
interesting,promises,1
interesting,situation,1
interesting,insight,1
interesting,measure,1
interesting,ones,1
interesting,platform,1
interesting,spaces,1
interesting,solutions,1
interesting,parts,1
scalable,learning,50
scalable,inference,13
scalable,recognition,11
scalable,optimization,11
scalable,method,11
scalable,training,9
scalable,model,8
scalable,architecture,8
scalable,algorithms,7
scalable,estimation,6
scalable,methods,6
scalable,framework,6
scalable,tuning,6
scalable,kernel,5
scalable,system,5
scalable,alternative,5
scalable,approach,5
scalable,regression,5
scalable,networks,4
scalable,kernels,4
scalable,processes,4
scalable,approximation,4
scalable,solvers,4
scalable,variant,3
scalable,search,3
scalable,procedure,3
scalable,models,3
scalable,strategy,3
scalable,solution,3
scalable,heuristics,3
scalable,approaches,3
scalable,network,2
scalable,programming,2
scalable,way,2
scalable,algorithm,2
scalable,manner,2
scalable,process,2
scalable,regularization,2
scalable,machinery,2
scalable,mapping,2
scalable,forms,2
scalable,fashion,2
scalable,smoothing,2
scalable,graph,2
scalable,execution,2
scalable,sampling,2
scalable,compression,1
scalable,transfer,1
scalable,decomposition,1
scalable,methodologies,1
scalable,module,1
scalable,adaptation,1
scalable,example,1
scalable,community,1
scalable,adapter,1
scalable,one,1
scalable,generation,1
scalable,ranking,1
scalable,design,1
scalable,systems,1
scalable,tree,1
scalable,implementations,1
scalable,form,1
scalable,approximations,1
scalable,coding,1
scalable,need,1
scalable,feature,1
top,row,108
top,layer,67
top,right,38
top,k,32
top,words,25
top,models,24
top,view,24
top,components,22
top,level,22
top,rows,20
top,left,20
top,layers,19
top,performance,17
top,corner,16
top,results,14
top,predictions,13
top,component,13
top,model,12
top,values,11
top,frame,11
top,images,10
top,panel,10
top,functions,10
top,trials,10
top,rank,9
top,tree,8
top,maps,8
top,hypothesis,8
top,circle,7
top,accuracy,7
top,blocks,7
top,programs,7
top,bottom,6
top,tag,6
top,architectures,6
top,part,6
top,sequence,6
top,instances,6
top,graph,6
top,feedback,5
top,down,5
top,features,5
top,half,5
top,interactions,5
top,image,5
top,approximation,5
top,systems,4
top,one,4
top,n,4
top,directions,4
top,direction,4
top,plot,4
top,documents,4
top,dimensions,4
top,representation,4
top,example,4
top,classes,4
top,samples,4
top,network,4
top,structure,4
top,tensor,4
top,counts,3
top,figure,3
top,products,3
top,two,3
top,area,3
top,activations,3
top,panels,3
top,pixels,3
top,tokens,3
top,candidates,3
top,rate,3
top,vectors,3
top,language,3
top,ones,3
top,element,3
top,entries,3
top,parsing,3
top,plots,3
top,sequences,3
top,choices,3
top,position,2
top,accuracies,2
top,runs,2
top,corners,2
top,domain,2
top,input,2
top,middle,2
top,topics,2
top,bi,2
top,processing,2
top,block,2
top,names,2
top,concepts,2
top,segmentation,2
top,map,2
top,list,2
top,cluster,2
top,assets,2
top,node,2
top,four,2
top,points,2
top,trackers,2
top,variance,2
top,performer,2
top,bar,2
top,elements,2
top,word,2
top,eigenvalues,2
top,state,2
top,disentangler,2
top,prediction,2
top,activation,2
top,copy,2
top,ordering,2
top,value,2
top,examples,2
top,tuning,2
top,eigenvalue,2
top,docs,2
top,errors,2
top,pane,2
top,strings,2
top,smartphones,2
top,memory,2
top,trees,2
top,process,2
top,origin,2
top,formers,2
top,neurons,2
top,feature,2
top,edges,2
top,search,2
top,decoders,2
top,aggregation,2
top,error,2
top,object,2
top,attention,2
top,generation,2
top,curves,2
top,encoding,1
top,histogram,1
top,portion,1
top,message,1
top,corresponds,1
top,responses,1
top,box,1
top,sides,1
top,diagram,1
top,review,1
top,subplot,1
top,pruning,1
top,shows,1
top,interaction,1
top,cell,1
top,scores,1
top,likelihood,1
top,character,1
top,parser,1
top,analysis,1
top,table,1
top,expert,1
top,top,1
top,fusion,1
top,performers,1
top,cells,1
top,up,1
top,technique,1
top,fashion,1
top,movies,1
top,alignment,1
top,standing,1
top,locations,1
top,macro,1
top,stochastic,1
top,three,1
top,environments,1
top,drawings,1
top,traces,1
top,hypotheses,1
top,term,1
top,agents,1
top,titles,1
top,pass,1
top,switching,1
top,settings,1
top,trajectories,1
top,submissions,1
top,edge,1
top,competitors,1
top,boundary,1
top,oriented,1
top,enumerative,1
top,stroke,1
top,defenses,1
top,panes,1
top,region,1
top,instance,1
top,completions,1
top,sentences,1
top,truth,1
top,pipelines,1
top,forward,1
top,computation,1
top,snippets,1
top,rewrite,1
top,knowledge,1
top,batch,1
top,score,1
top,passages,1
top,answers,1
top,spans,1
top,halves,1
top,target,1
top,techniques,1
top,structured,1
top,dimension,1
top,largest,1
top,bins,1
top,class,1
top,reviews,1
top,relation,1
top,output,1
top,links,1
top,levels,1
top,channels,1
top,manner,1
top,line,1
top,proposals,1
top,method,1
top,performing,1
top,procedure,1
top,end,1
intuitive,strategy,16
intuitive,physics,15
intuitive,explanation,9
intuitive,notion,8
intuitive,perspective,7
intuitive,property,7
intuitive,interpretation,6
intuitive,way,6
intuitive,understanding,6
intuitive,behavior,5
intuitive,meaning,4
intuitive,results,4
intuitive,representation,4
intuitive,privacy,3
intuitive,ways,3
intuitive,method,3
intuitive,technique,3
intuitive,strategies,3
intuitive,sense,3
intuitive,behaviors,3
intuitive,phenomenon,3
intuitive,observations,3
intuitive,reasoning,3
intuitive,observation,3
intuitive,decompositions,3
intuitive,appeal,2
intuitive,example,2
intuitive,operations,2
intuitive,approach,2
intuitive,decrease,2
intuitive,explanations,2
intuitive,objectives,2
intuitive,models,2
intuitive,result,2
intuitive,metric,2
intuitive,properties,2
intuitive,function,2
intuitive,condition,2
intuitive,priors,2
intuitive,control,2
intuitive,arguments,2
intuitive,principles,2
intuitive,component,2
intuitive,proof,2
intuitive,idea,2
intuitive,system,2
intuitive,introduction,2
intuitive,perturbation,2
intuitive,variables,2
intuitive,go,2
intuitive,explainable,1
intuitive,guarantees,1
intuitive,protection,1
intuitive,operator,1
intuitive,formulation,1
intuitive,extension,1
intuitive,view,1
intuitive,review,1
intuitive,description,1
intuitive,overlook,1
intuitive,solution,1
intuitive,factors,1
intuitive,manner,1
intuitive,moment,1
intuitive,guess,1
intuitive,comparison,1
intuitive,terms,1
intuitive,measurements,1
intuitive,for,1
intuitive,notions,1
intuitive,weaknesses,1
intuitive,output,1
intuitive,gains,1
intuitive,algorithms,1
intuitive,expectation,1
intuitive,common,1
intuitive,perceptions,1
intuitive,engine,1
intuitive,form,1
intuitive,relationships,1
intuitive,interpretations,1
intuitive,meanings,1
intuitive,assumption,1
intuitive,argument,1
intuitive,fashion,1
intuitive,analog,1
intuitive,analysis,1
intuitive,space,1
intuitive,choice,1
intuitive,psychology,1
intuitive,decomposition,1
intuitive,semantics,1
intuitive,names,1
intuitive,hierarchy,1
intuitive,version,1
intuitive,axioms,1
intuitive,integrating,1
successful,models,29
successful,examples,24
successful,applications,18
successful,training,17
successful,learning,13
successful,algorithms,13
successful,attack,13
successful,methods,11
successful,networks,11
successful,attacks,10
successful,model,9
successful,architectures,9
successful,policies,7
successful,attempts,6
successful,techniques,6
successful,policy,6
successful,cases,6
successful,adaptation,6
successful,approaches,6
successful,approach,6
successful,initialization,5
successful,method,5
successful,network,5
successful,results,5
successful,run,5
successful,framework,5
successful,completion,5
successful,episodes,5
successful,transfer,4
successful,application,4
successful,developments,4
successful,technique,4
successful,paths,4
successful,stacking,4
successful,trials,4
successful,case,3
successful,polices,3
successful,strategy,3
successful,execution,3
successful,samples,3
successful,algorithm,3
successful,agent,3
successful,papers,3
successful,function,3
successful,transformations,3
successful,purpose,3
successful,learner,3
successful,trajectories,3
successful,perspective,2
successful,cations,2
successful,architecture,2
successful,runs,2
successful,achievements,2
successful,remembering,2
successful,contexts,2
successful,communication,2
successful,parsers,2
successful,scheduling,2
successful,prediction,2
successful,strategies,2
successful,cation,2
successful,perturbation,2
successful,way,2
successful,rates,2
successful,system,2
successful,grasp,2
successful,translations,2
successful,tools,2
successful,reward,2
successful,knot,2
successful,designs,2
successful,robust,1
successful,codes,1
successful,proposals,1
successful,step,1
successful,idea,1
successful,procedure,1
successful,on,1
successful,trace,1
successful,embedding,1
successful,scheme,1
successful,images,1
successful,use,1
successful,propositions,1
successful,kick,1
successful,adaptations,1
successful,systems,1
successful,defenses,1
successful,solutions,1
successful,review,1
successful,predictor,1
successful,rancher,1
successful,frames,1
successful,generator,1
successful,works,1
successful,numbers,1
successful,avenue,1
successful,losses,1
successful,implementations,1
successful,increases,1
successful,mutation,1
successful,example,1
successful,estimators,1
successful,ways,1
successful,exploration,1
successful,completions,1
successful,ones,1
successful,decomposition,1
successful,searches,1
successful,generation,1
successful,demonstrations,1
successful,grasps,1
successful,outcome,1
successful,reformulations,1
successful,states,1
successful,drop,1
successful,contraction,1
successful,play,1
successful,solution,1
successful,level,1
successful,combination,1
successful,resolution,1
successful,generalization,1
successful,performance,1
successful,grasping,1
successful,stack,1
successful,overall,1
successful,structure,1
successful,experiments,1
successful,estimation,1
successful,navigation,1
successful,mechanism,1
successful,detection,1
successful,pulls,1
successful,component,1
successful,gait,1
successful,rate,1
successful,reconstruction,1
successful,sequences,1
successful,be,1
successful,reconstructions,1
ideal,case,13
ideal,conditions,6
ideal,vectors,6
ideal,representation,6
ideal,metric,5
ideal,mapping,5
ideal,reduction,5
ideal,system,4
ideal,choice,4
ideal,scenario,4
ideal,model,4
ideal,value,3
ideal,number,3
ideal,learner,3
ideal,discriminator,3
ideal,point,2
ideal,values,2
ideal,divergence,2
ideal,matrices,2
ideal,deviation,2
ideal,threshold,2
ideal,reconstructions,2
ideal,axis,2
ideal,algorithm,2
ideal,machine,2
ideal,candidates,2
ideal,solution,2
ideal,rate,2
ideal,approach,2
ideal,way,2
ideal,setting,2
ideal,set,2
ideal,augmentation,2
ideal,code,2
ideal,update,2
ideal,controller,2
ideal,world,1
ideal,units,1
ideal,size,1
ideal,learning,1
ideal,mechanism,1
ideal,intelligence,1
ideal,method,1
ideal,divergences,1
ideal,metrics,1
ideal,performance,1
ideal,lattices,1
ideal,bed,1
ideal,properties,1
ideal,benchmark,1
ideal,connectivity,1
ideal,window,1
ideal,result,1
ideal,situation,1
ideal,training,1
ideal,balance,1
ideal,combination,1
ideal,axes,1
ideal,label,1
ideal,candidate,1
ideal,projection,1
ideal,decoder,1
ideal,behavior,1
ideal,crossover,1
ideal,distribution,1
ideal,distributions,1
ideal,criterion,1
ideal,evaluation,1
ideal,mask,1
ideal,dynamics,1
ideal,situations,1
ideal,proxy,1
ideal,physics,1
ideal,limit,1
ideal,criteria,1
ideal,module,1
ideal,sequence,1
ideal,assumption,1
ideal,es,1
detailed,description,50
detailed,analysis,28
detailed,results,27
detailed,discussion,25
detailed,information,23
detailed,balance,15
detailed,comparison,13
detailed,proof,12
detailed,statistics,12
detailed,descriptions,11
detailed,explanation,11
detailed,evaluation,10
detailed,study,10
detailed,architecture,9
detailed,derivation,8
detailed,structure,8
detailed,settings,8
detailed,comparisons,8
detailed,setup,8
detailed,treatment,5
detailed,model,5
detailed,overview,5
detailed,algorithm,5
detailed,performance,5
detailed,derivations,5
detailed,procedure,5
detailed,summary,5
detailed,review,4
detailed,properties,4
detailed,introduction,4
detailed,proofs,4
detailed,expressions,4
detailed,analyses,3
detailed,breakdown,3
detailed,setting,3
detailed,discussions,3
detailed,condition,3
detailed,plot,3
detailed,records,3
detailed,up,3
detailed,traces,3
detailed,understanding,3
detailed,plots,3
detailed,version,2
detailed,illustration,2
detailed,account,2
detailed,inquiry,2
detailed,labeling,2
detailed,parameters,2
detailed,algorithms,2
detailed,visualizations,2
detailed,example,2
detailed,view,2
detailed,diagram,2
detailed,scores,2
detailed,nation,2
detailed,tings,2
detailed,representations,2
detailed,experiments,2
detailed,rate,2
detailed,geometry,2
detailed,frames,2
detailed,implementation,2
detailed,accuracy,2
detailed,examples,2
detailed,rates,2
detailed,knowledge,1
detailed,proposals,1
detailed,diagrams,1
detailed,calculations,1
detailed,explanations,1
detailed,meanings,1
detailed,way,1
detailed,scheme,1
detailed,framework,1
detailed,recommendations,1
detailed,utility,1
detailed,values,1
detailed,report,1
detailed,processes,1
detailed,inspection,1
detailed,evolution,1
detailed,reference,1
detailed,relationships,1
detailed,trace,1
detailed,architectures,1
detailed,interpretation,1
detailed,presentation,1
detailed,reviews,1
detailed,consideration,1
detailed,insights,1
detailed,pseudo,1
detailed,instances,1
detailed,investigation,1
detailed,network,1
detailed,nations,1
detailed,curve,1
detailed,graph,1
detailed,as,1
detailed,reports,1
detailed,list,1
detailed,relationship,1
detailed,feedback,1
detailed,formation,1
detailed,exposition,1
detailed,survey,1
detailed,reconstruction,1
detailed,experiment,1
detailed,techniques,1
detailed,outputs,1
detailed,elaboration,1
detailed,curvatures,1
detailed,composition,1
detailed,pixel,1
detailed,method,1
detailed,characterization,1
detailed,formulations,1
detailed,models,1
detailed,main,1
detailed,studies,1
detailed,function,1
detailed,attributes,1
detailed,reward,1
detailed,trends,1
detailed,sequence,1
detailed,outline,1
detailed,step,1
detailed,features,1
detailed,notations,1
detailed,functions,1
detailed,level,1
detailed,mapping,1
important,features,57
important,role,53
important,information,41
important,problem,32
important,question,24
important,step,23
important,applications,20
important,problems,19
important,task,18
important,factor,17
important,properties,17
important,difference,16
important,property,16
important,feature,15
important,direction,15
important,tasks,13
important,aspect,13
important,differences,13
important,words,13
important,challenge,12
important,case,12
important,observation,12
important,distinction,11
important,thing,11
important,ways,10
important,advantage,10
important,point,10
important,issue,10
important,work,10
important,component,9
important,characteristics,9
important,as,9
important,aspects,9
important,cases,8
important,factors,8
important,topic,8
important,hyper,7
important,parameters,7
important,examples,7
important,points,7
important,area,7
important,application,7
important,tool,6
important,quantity,6
important,attributes,6
important,consequence,6
important,directions,6
important,one,6
important,observations,6
important,structure,6
important,metric,5
important,concepts,5
important,concept,5
important,advantages,5
important,issues,5
important,parts,5
important,result,5
important,substructures,5
important,weights,5
important,questions,4
important,results,4
important,class,4
important,part,4
important,objects,4
important,block,4
important,insights,4
important,consequences,4
important,functions,4
important,assumption,4
important,improvements,4
important,remark,4
important,regions,4
important,variable,4
important,intelligence,3
important,baseline,3
important,detail,3
important,indicator,3
important,insight,3
important,connections,3
important,benchmark,3
important,example,3
important,technique,3
important,contributions,3
important,data,3
important,roles,3
important,choice,3
important,relations,3
important,extension,3
important,components,3
important,contribution,3
important,dimensions,3
important,neighborhoods,3
important,ones,3
important,domains,3
important,channels,3
important,states,3
important,prior,3
important,steps,3
important,phenomena,3
important,types,3
important,distinctions,2
important,criterion,2
important,caveats,2
important,method,2
important,decision,2
important,fact,2
important,effects,2
important,benchmarks,2
important,d,2
important,bridges,2
important,lesson,2
important,values,2
important,guidance,2
important,framework,2
important,parameter,2
important,element,2
important,note,2
important,quantities,2
important,consideration,2
important,incomes,2
important,keywords,2
important,milestone,2
important,limitation,2
important,neurons,2
important,boost,2
important,set,2
important,image,2
important,extensions,2
important,structures,2
important,learning,2
important,cations,2
important,reasons,2
important,review,2
important,operations,2
important,rule,2
important,patterns,2
important,meanings,2
important,scores,2
important,works,2
important,criteria,2
important,word,2
important,conclusion,2
important,classes,2
important,events,2
important,limitations,2
important,things,2
important,region,2
important,entities,2
important,implications,2
important,stone,2
important,shortcomings,2
important,variables,2
important,elements,2
important,statistics,2
important,discoveries,2
important,effort,2
important,detectors,2
important,person,2
important,considerations,2
important,goal,2
important,avenue,1
important,category,1
important,means,1
important,portion,1
important,innovation,1
important,details,1
important,nodes,1
important,instance,1
important,efforts,1
important,motivation,1
important,source,1
important,stage,1
important,regularization,1
important,paradigms,1
important,target,1
important,meaning,1
important,layers,1
important,facts,1
important,of,1
important,addition,1
important,count,1
important,impacts,1
important,variety,1
important,requirement,1
important,symmetry,1
important,options,1
important,phrases,1
important,type,1
important,span,1
important,principle,1
important,approach,1
important,improvement,1
important,test,1
important,trends,1
important,costs,1
important,comparison,1
important,phenomenon,1
important,aid,1
important,domain,1
important,shortcoming,1
important,tributaries,1
important,window,1
important,lessons,1
important,number,1
important,transitions,1
important,implication,1
important,mechanisms,1
important,notation,1
important,sentences,1
important,ability,1
important,skill,1
important,hypothesis,1
important,byproduct,1
important,constraint,1
important,impact,1
important,news,1
important,gain,1
important,gains,1
important,analysis,1
important,neighborhood,1
important,score,1
important,subspaces,1
important,measure,1
important,plots,1
important,goals,1
important,drawback,1
important,quality,1
important,correlations,1
important,way,1
important,event,1
important,branch,1
important,atoms,1
important,substructure,1
important,statements,1
important,operation,1
important,asset,1
important,updates,1
important,subject,1
important,stream,1
important,agendas,1
important,advance,1
important,uses,1
important,scenario,1
important,semantics,1
important,phases,1
important,estimation,1
important,ingredient,1
important,notion,1
important,effect,1
important,areas,1
important,chip,1
important,analog,1
important,purpose,1
important,advances,1
important,from,1
important,place,1
important,reason,1
important,memory,1
important,signal,1
important,cue,1
important,gradients,1
important,messages,1
important,gaps,1
important,sight,1
important,functionalities,1
important,pathology,1
important,caveat,1
important,tributes,1
important,exceptions,1
important,paths,1
important,evidence,1
important,restrictions,1
important,family,1
important,foundation,1
important,background,1
important,normalization,1
important,phrase,1
important,line,1
important,tools,1
important,measurement,1
important,tors,1
unique,point,39
unique,solution,30
unique,words,17
unique,distribution,16
unique,challenges,8
unique,representation,7
unique,layer,6
unique,word,6
unique,framework,6
unique,values,5
unique,object,5
unique,property,5
unique,messages,5
unique,elements,5
unique,concepts,5
unique,equilibrium,5
unique,aspects,5
unique,songs,5
unique,locations,5
unique,color,4
unique,challenge,4
unique,coverage,4
unique,tokens,4
unique,types,4
unique,probability,4
unique,classes,4
unique,index,4
unique,combinations,4
unique,neighbors,4
unique,models,4
unique,coupling,3
unique,phase,3
unique,targets,3
unique,labels,3
unique,form,3
unique,entries,3
unique,traces,3
unique,id,3
unique,characteristic,3
unique,parameters,3
unique,set,3
unique,value,3
unique,vector,3
unique,key,3
unique,objective,3
unique,span,3
unique,relations,3
unique,states,3
unique,location,3
unique,advantages,2
unique,pattern,2
unique,state,2
unique,network,2
unique,grams,2
unique,methods,2
unique,products,2
unique,captions,2
unique,decals,2
unique,noise,2
unique,source,2
unique,relate,2
unique,size,2
unique,properties,2
unique,model,2
unique,characteristics,2
unique,users,2
unique,feature,2
unique,names,2
unique,precision,2
unique,class,2
unique,label,2
unique,symbols,2
unique,optimum,2
unique,data,2
unique,function,2
unique,features,2
unique,ids,2
unique,passwords,2
unique,ink,2
unique,ability,2
unique,items,2
unique,individuals,2
unique,variables,2
unique,instances,2
unique,evidence,2
unique,insights,2
unique,entry,2
unique,number,2
unique,templates,2
unique,texture,2
unique,exists,2
unique,condition,1
unique,codewords,1
unique,component,1
unique,representations,1
unique,performance,1
unique,nr,1
unique,contractions,1
unique,g,1
unique,approach,1
unique,phrases,1
unique,cube,1
unique,subset,1
unique,concept,1
unique,episodes,1
unique,publishers,1
unique,procedure,1
unique,sketches,1
unique,description,1
unique,equations,1
unique,decomposition,1
unique,record,1
unique,articles,1
unique,name,1
unique,experience,1
unique,width,1
unique,precisions,1
unique,measure,1
unique,expressions,1
unique,trends,1
unique,information,1
unique,percent,1
unique,visitors,1
unique,characters,1
unique,samples,1
unique,where,1
unique,tree,1
unique,actions,1
unique,cards,1
unique,card,1
unique,pairs,1
unique,questions,1
unique,skills,1
unique,pipeline,1
unique,weights,1
unique,opportunities,1
unique,indicators,1
unique,variable,1
unique,path,1
unique,combination,1
unique,use,1
unique,distributions,1
unique,requirements,1
unique,indices,1
unique,course,1
unique,restaurant,1
unique,item,1
unique,integer,1
unique,mapped,1
unique,vectors,1
unique,term,1
unique,token,1
unique,examples,1
unique,alphabets,1
unique,sequences,1
unique,patterns,1
unique,correspondence,1
unique,unique,1
unique,matrices,1
unique,matrix,1
unique,maximizer,1
unique,position,1
unique,role,1
unique,structure,1
unique,capacity,1
unique,observations,1
unique,reward,1
unique,molecules,1
unique,smiles,1
unique,task,1
unique,perspectives,1
unique,vocabularies,1
unique,content,1
unique,passages,1
unique,blocks,1
unique,landmarks,1
unique,optimizer,1
unique,spans,1
unique,candidate,1
unique,candidates,1
unique,colors,1
unique,inverses,1
unique,identity,1
unique,session,1
unique,action,1
unique,queries,1
unique,events,1
unique,user,1
unique,apps,1
unique,aspect,1
unique,puzzles,1
unique,melodies,1
unique,review,1
unique,construction,1
unique,digests,1
unique,neighbor,1
unique,gradients,1
unique,si,1
unique,kernel,1
unique,physiology,1
unique,global,1
unique,maximum,1
unique,counts,1
unique,estimation,1
unique,mask,1
unique,designs,1
unique,relationship,1
unique,relationships,1
unique,series,1
unique,bytes,1
unique,contribution,1
international,conference,729
international,journal,12
international,workshop,5
international,symposium,4
international,company,3
international,group,3
international,project,2
international,relations,2
international,politics,2
international,guidelines,2
international,standards,1
international,trial,1
international,equation,1
international,linkages,1
international,markets,1
international,organization,1
international,word,1
international,society,1
international,professor,1
international,world,1
international,system,1
accurate,sgd,37
accurate,models,30
accurate,predictions,30
accurate,model,20
accurate,approximation,19
accurate,estimation,18
accurate,approximations,15
accurate,estimates,15
accurate,estimate,10
accurate,detection,10
accurate,representation,9
accurate,function,9
accurate,information,9
accurate,inference,8
accurate,networks,7
accurate,network,6
accurate,calling,6
accurate,modeling,6
accurate,characterization,4
accurate,parsing,4
accurate,evaluation,4
accurate,results,4
accurate,updates,4
accurate,samples,4
accurate,prediction,4
accurate,reconstruction,3
accurate,training,3
accurate,reward,3
accurate,metric,3
accurate,solver,3
accurate,technique,2
accurate,similarity,2
accurate,knowledge,2
accurate,uncertainty,2
accurate,image,2
accurate,solution,2
accurate,outputs,2
accurate,review,2
accurate,transfer,2
accurate,embeddings,2
accurate,answers,2
accurate,measurements,2
accurate,boundary,2
accurate,predictors,2
accurate,method,2
accurate,pairs,2
accurate,values,2
accurate,reconstructions,2
accurate,assessment,2
accurate,representations,2
accurate,decay,2
accurate,forecasting,2
accurate,distributions,2
accurate,functions,2
accurate,learning,2
accurate,discriminator,2
accurate,predictor,2
accurate,dm,2
accurate,architecture,2
accurate,rivals,1
accurate,embedding,1
accurate,simulations,1
accurate,labels,1
accurate,description,1
accurate,retrieval,1
accurate,maps,1
accurate,annotations,1
accurate,inversion,1
accurate,activation,1
accurate,framework,1
accurate,wright,1
accurate,perception,1
accurate,grounding,1
accurate,comparisons,1
accurate,ability,1
accurate,grids,1
accurate,posterior,1
accurate,answer,1
accurate,word,1
accurate,integration,1
accurate,methods,1
accurate,tool,1
accurate,parameters,1
accurate,images,1
accurate,algorithms,1
accurate,errors,1
accurate,geometries,1
accurate,solutions,1
accurate,forecast,1
accurate,estimator,1
accurate,parses,1
accurate,objective,1
accurate,latent,1
accurate,assumption,1
accurate,detector,1
accurate,programs,1
accurate,scores,1
accurate,priorities,1
accurate,result,1
accurate,right,1
accurate,diagnoses,1
accurate,location,1
accurate,value,1
accurate,dictionary,1
accurate,search,1
accurate,order,1
accurate,algorithm,1
accurate,clustering,1
accurate,question,1
accurate,localization,1
accurate,conditions,1
accurate,signal,1
accurate,gradients,1
accurate,recommendations,1
accurate,alignment,1
accurate,space,1
accurate,decision,1
accurate,classification,1
accurate,computations,1
accurate,oracle,1
accurate,distribution,1
accurate,policies,1
accurate,manipulation,1
accurate,measurement,1
accurate,benchmark,1
promising,results,49
promising,direction,28
promising,approach,18
promising,dimension,16
promising,directions,13
promising,performance,10
promising,avenue,6
promising,method,6
promising,approaches,4
promising,alternative,4
promising,step,4
promising,candidate,3
promising,avenues,3
promising,way,3
promising,potential,3
promising,solution,3
promising,one,3
promising,framework,2
promising,path,2
promising,methods,2
promising,model,2
promising,models,2
promising,applications,2
promising,tool,2
promising,possibilities,2
promising,evidence,2
promising,works,2
promising,return,2
promising,returns,2
promising,advantage,1
promising,line,1
promising,estimation,1
promising,performances,1
promising,opportunities,1
promising,result,1
promising,domain,1
promising,tools,1
promising,region,1
promising,features,1
promising,application,1
promising,candidates,1
promising,track,1
promising,methodology,1
promising,setting,1
promising,network,1
promising,ways,1
promising,toolkit,1
promising,functions,1
promising,techniques,1
promising,characteristic,1
promising,measure,1
promising,ideas,1
promising,strides,1
promising,indication,1
promising,glimpse,1
promising,child,1
promising,regions,1
promising,signs,1
promising,accuracy,1
promising,area,1
promising,solutions,1
promising,improvements,1
promising,quantity,1
promising,architecture,1
promising,genotypes,1
promising,idea,1
effective,depth,69
effective,size,57
effective,rate,32
effective,way,30
effective,method,28
effective,approaches,24
effective,learning,23
effective,capacity,23
effective,model,19
effective,networks,18
effective,strategy,17
effective,attack,16
effective,training,15
effective,techniques,15
effective,attacks,14
effective,defense,13
effective,parameter,11
effective,number,10
effective,topics,10
effective,use,9
effective,methods,8
effective,models,8
effective,algorithm,8
effective,sizes,8
effective,prediction,8
effective,exploration,7
effective,flops,7
effective,examples,7
effective,representations,7
effective,solution,7
effective,ways,7
effective,history,7
effective,time,6
effective,mechanism,6
effective,horizon,6
effective,representation,6
effective,dimensionality,6
effective,measure,6
effective,policy,5
effective,defenses,5
effective,embeddings,5
effective,technique,5
effective,alternative,5
effective,framework,5
effective,values,5
effective,algorithms,4
effective,rates,4
effective,interpretation,4
effective,temperature,4
effective,network,4
effective,samples,4
effective,system,4
effective,segmentation,4
effective,information,4
effective,increases,4
effective,policies,4
effective,space,4
effective,sequence,4
effective,results,4
effective,scheme,3
effective,strategies,3
effective,communication,3
effective,architectures,3
effective,amount,3
effective,images,3
effective,regularization,3
effective,solutions,3
effective,planning,3
effective,approach,3
effective,optimization,3
effective,length,3
effective,parameters,2
effective,distributed,2
effective,noise,2
effective,variables,2
effective,paths,2
effective,reuse,2
effective,choice,2
effective,load,2
effective,data,2
effective,restoration,2
effective,architecture,2
effective,signals,2
effective,systems,2
effective,structure,2
effective,complexity,2
effective,capacities,2
effective,detection,2
effective,parsers,2
effective,manner,2
effective,dictionary,2
effective,perturbations,2
effective,module,2
effective,performance,2
effective,adaptation,2
effective,coverage,2
effective,rewards,2
effective,variation,2
effective,choices,2
effective,generalization,2
effective,scaling,2
effective,criteria,2
effective,behaviors,2
effective,metric,2
effective,step,2
effective,reduction,2
effective,mentation,2
effective,bias,2
effective,gradients,2
effective,precision,2
effective,range,2
effective,therapy,2
effective,support,2
effective,means,1
effective,is,1
effective,visualizations,1
effective,visualization,1
effective,set,1
effective,collaboration,1
effective,perturbation,1
effective,routing,1
effective,how,1
effective,discovery,1
effective,mutation,1
effective,fusion,1
effective,weights,1
effective,indication,1
effective,computation,1
effective,idea,1
effective,concept,1
effective,end,1
effective,benchmark,1
effective,program,1
effective,programs,1
effective,ai,1
effective,visits,1
effective,tools,1
effective,class,1
effective,bits,1
effective,ones,1
effective,figure,1
effective,as,1
effective,by,1
effective,memorization,1
effective,input,1
effective,topic,1
effective,numbers,1
effective,alignment,1
effective,summaries,1
effective,forms,1
effective,options,1
effective,difference,1
effective,negotiation,1
effective,exchange,1
effective,reconstruction,1
effective,value,1
effective,s,1
effective,dimension,1
effective,sets,1
effective,density,1
effective,objectives,1
effective,tn,1
effective,resembling,1
effective,field,1
effective,enlarges,1
effective,instances,1
effective,function,1
effective,activation,1
effective,estimation,1
effective,optimizer,1
effective,signal,1
effective,extractors,1
effective,heuristics,1
effective,labels,1
effective,pixels,1
effective,criterion,1
effective,performing,1
effective,transfer,1
effective,baseline,1
effective,boundary,1
effective,experiences,1
effective,synthesis,1
effective,replacement,1
effective,rank,1
effective,map,1
effective,vectors,1
effective,designs,1
effective,distribution,1
effective,acting,1
effective,curriculum,1
effective,paper,1
effective,operation,1
effective,compression,1
effective,path,1
effective,initialization,1
effective,behavior,1
effective,generator,1
effective,heuristic,1
effective,gradient,1
effective,prone,1
effective,shaping,1
effective,continual,1
effective,tool,1
effective,assumes,1
effective,indicators,1
effective,motifs,1
effective,sharing,1
effective,adversary,1
effective,dropout,1
effective,distance,1
effective,implementation,1
effective,one,1
effective,regimes,1
effective,augmentation,1
effective,similarity,1
effective,process,1
effective,grids,1
novel,architecture,95
novel,approach,83
novel,method,66
novel,model,66
novel,classes,54
novel,network,44
novel,algorithm,37
novel,framework,36
novel,scheme,22
novel,class,21
novel,function,20
novel,tasks,18
novel,loss,18
novel,way,16
novel,mechanism,16
novel,game,16
novel,samples,15
novel,images,15
novel,data,15
novel,policy,15
novel,approaches,14
novel,task,14
novel,technique,14
novel,formulation,13
novel,objects,13
novel,examples,12
novel,models,12
novel,methodology,11
novel,learning,11
novel,methods,10
novel,activation,10
novel,estimators,10
novel,approximation,9
novel,variant,9
novel,strategy,8
novel,categories,8
novel,observations,8
novel,architectures,8
novel,concepts,8
novel,contributions,7
novel,ways,7
novel,layer,7
novel,solution,6
novel,combinations,6
novel,problem,6
novel,concept,6
novel,metric,6
novel,viewpoints,6
novel,relational,6
novel,functions,5
novel,encoding,5
novel,contribution,5
novel,representation,5
novel,procedure,5
novel,algorithms,5
novel,memory,5
novel,image,5
novel,proof,5
novel,messages,5
novel,results,5
novel,decoder,4
novel,techniques,4
novel,cell,4
novel,structure,4
novel,planning,4
novel,distance,4
novel,interpretation,4
novel,building,4
novel,environment,4
novel,extensions,4
novel,paradigm,4
novel,program,4
novel,layers,4
novel,designs,4
novel,structures,3
novel,objective,3
novel,tool,3
novel,input,3
novel,distribution,3
novel,features,3
novel,type,3
novel,convolution,3
novel,challenges,3
novel,regime,3
novel,set,3
novel,measure,3
novel,normalization,3
novel,design,3
novel,use,3
novel,training,3
novel,family,3
novel,information,3
novel,mechanisms,3
novel,time,3
novel,textures,3
novel,entity,3
novel,space,3
novel,idea,2
novel,gradient,2
novel,experiment,2
novel,insights,2
novel,extension,2
novel,improvements,2
novel,outcomes,2
novel,decomposition,2
novel,states,2
novel,treatment,2
novel,ensemble,2
novel,networks,2
novel,inputs,2
novel,example,2
novel,technologies,2
novel,estimation,2
novel,analysis,2
novel,domains,2
novel,attention,2
novel,attacks,2
novel,transformations,2
novel,solutions,2
novel,question,2
novel,application,2
novel,taxonomy,2
novel,kind,2
novel,aspects,2
novel,labels,2
novel,term,2
novel,environments,2
novel,attack,2
novel,measurement,2
novel,form,2
novel,situations,2
novel,capabilities,2
novel,phase,2
novel,actions,2
novel,point,2
novel,aspect,2
novel,adversaries,2
novel,result,2
novel,controller,2
novel,explanation,2
novel,perspective,2
novel,combination,2
novel,elements,2
novel,countermeasure,2
novel,force,2
novel,samplers,2
novel,sampler,2
novel,sentiment,2
novel,thinking,2
novel,transfer,1
novel,topologies,1
novel,views,1
novel,objectives,1
novel,patterns,1
novel,tree,1
novel,latent,1
novel,approximations,1
novel,insight,1
novel,choice,1
novel,recipe,1
novel,description,1
novel,captions,1
novel,step,1
novel,visualization,1
novel,performance,1
novel,domain,1
novel,derivation,1
novel,augmentations,1
novel,connection,1
novel,angle,1
novel,category,1
novel,discoveries,1
novel,types,1
novel,crossbreeds,1
novel,transitions,1
novel,behaviors,1
novel,surroundings,1
novel,instructions,1
novel,words,1
novel,stimuli,1
novel,block,1
novel,discriminator,1
novel,synthesis,1
novel,view,1
novel,sequences,1
novel,control,1
novel,constructions,1
novel,languages,1
novel,case,1
novel,criterion,1
novel,protocol,1
novel,subjects,1
novel,situation,1
novel,object,1
novel,gan,1
novel,word,1
novel,interpreter,1
novel,unit,1
novel,implementation,1
novel,observation,1
novel,operators,1
novel,component,1
novel,derivative,1
novel,setting,1
novel,sequence,1
novel,vectors,1
novel,prototypes,1
novel,error,1
novel,improvement,1
novel,queries,1
novel,criteria,1
novel,concrete,1
novel,opportunities,1
novel,content,1
novel,metrics,1
novel,setup,1
novel,formulations,1
novel,ism,1
novel,mapping,1
novel,similarity,1
novel,sign,1
novel,link,1
novel,versions,1
novel,losses,1
novel,feature,1
novel,valid,1
novel,recombination,1
novel,nodes,1
novel,pairs,1
novel,usage,1
novel,generalization,1
novel,drugs,1
novel,direction,1
novel,representations,1
novel,factorization,1
novel,interactions,1
novel,strategies,1
novel,iterative,1
novel,optimization,1
novel,buffer,1
novel,module,1
novel,heuristics,1
novel,azimuths,1
novel,elevations,1
novel,alternatives,1
novel,spectrogram,1
novel,sentence,1
novel,test,1
novel,embeddings,1
novel,part,1
novel,trajectory,1
novel,shortcuts,1
novel,graphs,1
novel,map,1
novel,goals,1
novel,components,1
novel,abstraction,1
novel,quality,1
novel,gaits,1
novel,claims,1
novel,els,1
intriguing,properties,59
intriguing,property,5
intriguing,phenomenon,3
intriguing,results,3
intriguing,fact,2
intriguing,question,2
intriguing,connection,2
intriguing,questions,2
intriguing,directions,2
intriguing,ideas,1
intriguing,possibility,1
intriguing,project,1
intriguing,contrasts,1
intriguing,effect,1
intriguing,direction,1
intriguing,aspect,1
intriguing,view,1
sophisticated,methods,20
sophisticated,models,17
sophisticated,algorithms,7
sophisticated,techniques,5
sophisticated,model,5
sophisticated,functions,5
sophisticated,variants,4
sophisticated,structure,4
sophisticated,approach,4
sophisticated,architecture,4
sophisticated,controllers,3
sophisticated,tasks,3
sophisticated,manner,3
sophisticated,technique,3
sophisticated,mixtures,3
sophisticated,network,3
sophisticated,policies,3
sophisticated,attack,3
sophisticated,algorithm,3
sophisticated,policy,3
sophisticated,counterparts,2
sophisticated,way,2
sophisticated,technologies,2
sophisticated,scheme,2
sophisticated,mixture,2
sophisticated,posteriors,2
sophisticated,approaches,2
sophisticated,adversary,2
sophisticated,machine,2
sophisticated,memories,2
sophisticated,schemes,2
sophisticated,mappings,2
sophisticated,landscape,2
sophisticated,systems,2
sophisticated,extensions,2
sophisticated,frameworks,2
sophisticated,computation,2
sophisticated,strategy,2
sophisticated,learning,2
sophisticated,engineering,2
sophisticated,heuristics,1
sophisticated,solution,1
sophisticated,unit,1
sophisticated,questions,1
sophisticated,decisions,1
sophisticated,manipulation,1
sophisticated,perception,1
sophisticated,losses,1
sophisticated,ways,1
sophisticated,mechanisms,1
sophisticated,distributions,1
sophisticated,estimates,1
sophisticated,transformations,1
sophisticated,implementations,1
sophisticated,sequence,1
sophisticated,batch,1
sophisticated,analysis,1
sophisticated,designs,1
sophisticated,players,1
sophisticated,pipeline,1
sophisticated,patterns,1
sophisticated,adversaries,1
sophisticated,regularities,1
sophisticated,understanding,1
sophisticated,spaces,1
sophisticated,protocol,1
sophisticated,relationships,1
sophisticated,implementation,1
sophisticated,s,1
sophisticated,architectures,1
sophisticated,criteria,1
sophisticated,problems,1
sophisticated,exhibit,1
sophisticated,use,1
sophisticated,attacks,1
sophisticated,tools,1
sophisticated,optimization,1
sophisticated,setting,1
sophisticated,rewards,1
sophisticated,engine,1
sophisticated,behaviors,1
sophisticated,reservoir,1
sophisticated,objectives,1
sophisticated,networks,1
robust,optimization,43
robust,model,38
robust,learning,35
robust,examples,29
robust,networks,26
robust,features,20
robust,training,18
robust,analysis,17
robust,policies,17
robust,models,16
robust,performance,16
robust,approach,14
robust,representations,14
robust,method,9
robust,policy,9
robust,control,8
robust,algorithms,8
robust,imitation,8
robust,region,8
robust,tracking,8
robust,architectures,7
robust,methods,7
robust,algorithm,7
robust,regression,7
robust,surrogate,7
robust,representation,6
robust,recognition,6
robust,detection,6
robust,framework,6
robust,margin,6
robust,version,6
robust,systems,5
robust,attacks,5
robust,results,5
robust,perturbations,5
robust,objective,5
robust,problem,5
robust,approaches,5
robust,network,5
robust,controllers,5
robust,objectives,5
robust,weights,4
robust,state,4
robust,behavior,4
robust,evaluation,4
robust,estimator,4
robust,clustering,4
robust,loss,4
robust,treatment,4
robust,functions,4
robust,solutions,3
robust,estimation,3
robust,approximation,3
robust,generalization,3
robust,system,3
robust,way,3
robust,embeddings,3
robust,inference,3
robust,outlier,3
robust,formulation,3
robust,problems,3
robust,controller,3
robust,defense,2
robust,mechanisms,2
robust,attack,2
robust,counting,2
robust,improvements,2
robust,dynamics,2
robust,components,2
robust,ensembles,2
robust,noise,2
robust,memory,2
robust,estimators,2
robust,versions,2
robust,density,2
robust,behaviors,2
robust,strategies,2
robust,similarity,2
robust,baseline,2
robust,perspective,2
robust,measurements,2
robust,sample,2
robust,adaptive,2
robust,infrastructure,2
robust,adaptation,2
robust,statistics,2
robust,measure,2
robust,work,2
robust,space,2
robust,reading,2
robust,predictions,2
robust,spatial,2
robust,manner,2
robust,parametrization,2
robust,function,2
robust,point,2
robust,example,2
robust,objects,2
robust,search,2
robust,satisfaction,1
robust,time,1
robust,reduction,1
robust,stable,1
robust,test,1
robust,setup,1
robust,updates,1
robust,factorization,1
robust,purpose,1
robust,tightness,1
robust,exploration,1
robust,boxes,1
robust,locomotion,1
robust,competitions,1
robust,selection,1
robust,uncertainty,1
robust,that,1
robust,attractors,1
robust,minimum,1
robust,comprehension,1
robust,tool,1
robust,neural,1
robust,recovery,1
robust,metrics,1
robust,text,1
robust,measurement,1
robust,relative,1
robust,conservative,1
robust,converges,1
robust,regularization,1
robust,sal,1
robust,convergence,1
robust,rate,1
robust,estimate,1
robust,aspect,1
robust,solver,1
robust,agent,1
robust,face,1
robust,one,1
robust,difference,1
robust,conclusions,1
robust,emerges,1
robust,techniques,1
robust,transfer,1
robust,modes,1
robust,fashion,1
robust,predictor,1
robust,cleaning,1
robust,checkers,1
robust,values,1
robust,classifier,1
robust,divergences,1
robust,solution,1
robust,criteria,1
robust,ways,1
robust,e,1
robust,defenses,1
robust,application,1
robust,unit,1
robust,testing,1
robust,technique,1
robust,machine,1
robust,detectors,1
robust,proposition,1
robust,architecture,1
robust,alternatives,1
robust,machines,1
robust,maintenance,1
robust,predictors,1
robust,information,1
robust,boundary,1
robust,communication,1
robust,collapse,1
robust,scheme,1
robust,employing,1
robust,distance,1
robust,reinforcement,1
robust,compression,1
robust,strategy,1
robust,initialization,1
robust,dictionary,1
robust,pictures,1
robust,motion,1
robust,proxy,1
robust,hyper,1
robust,signals,1
robust,rewards,1
robust,transformer,1
robust,sentiment,1
robust,optimizer,1
motivated,learning,19
motivated,exploration,5
motivated,bias,4
motivated,algorithm,3
motivated,architecture,3
motivated,capabilities,2
motivated,ration,2
motivated,goal,2
motivated,artillery,2
motivated,methods,2
motivated,qualities,2
motivated,abstractions,1
motivated,processes,1
motivated,strategies,1
motivated,recommendations,1
motivated,researchers,1
motivated,challenge,1
motivated,model,1
motivated,schemes,1
motivated,problem,1
motivated,techniques,1
motivated,approach,1
powerful,models,53
powerful,model,34
powerful,tool,20
powerful,decoders,18
powerful,framework,12
powerful,attacks,12
powerful,networks,10
powerful,tools,10
powerful,decoder,10
powerful,method,9
powerful,methods,9
powerful,attack,9
powerful,representations,8
powerful,way,7
powerful,resources,6
powerful,algorithm,6
powerful,techniques,6
powerful,approach,6
powerful,signal,6
powerful,technique,5
powerful,architecture,5
powerful,mechanism,4
powerful,network,4
powerful,capability,4
powerful,ability,4
powerful,extractor,4
powerful,tors,4
powerful,function,4
powerful,encoders,4
powerful,extraction,4
powerful,policy,4
powerful,version,4
powerful,heuristics,4
powerful,bias,4
powerful,engineering,4
powerful,polices,3
powerful,abilities,3
powerful,features,3
powerful,optimization,3
powerful,structures,3
powerful,embeddings,3
powerful,distribution,3
powerful,encoder,3
powerful,architectures,3
powerful,inference,3
powerful,module,3
powerful,stride,3
powerful,operation,2
powerful,measure,2
powerful,adversary,2
powerful,devices,2
powerful,as,2
powerful,representation,2
powerful,application,2
powerful,perturbations,2
powerful,language,2
powerful,algorithms,2
powerful,form,2
powerful,discriminator,2
powerful,distributions,2
powerful,estimator,2
powerful,relationships,2
powerful,work,2
powerful,class,2
powerful,grammars,2
powerful,approaches,2
powerful,idea,2
powerful,coders,2
powerful,strategy,2
powerful,abstractions,2
powerful,laptop,2
powerful,modules,2
powerful,infrastructures,2
powerful,sequence,2
powerful,generalization,1
powerful,condition,1
powerful,variant,1
powerful,mapping,1
powerful,regularization,1
powerful,strategies,1
powerful,defense,1
powerful,loss,1
powerful,library,1
powerful,alignment,1
powerful,detector,1
powerful,baselines,1
powerful,one,1
powerful,transfer,1
powerful,analysis,1
powerful,exploration,1
powerful,insights,1
powerful,approximations,1
powerful,unit,1
powerful,posterior,1
powerful,steps,1
powerful,paradigm,1
powerful,medium,1
powerful,family,1
powerful,sets,1
powerful,frameworks,1
powerful,results,1
powerful,image,1
powerful,modeling,1
powerful,ae,1
powerful,procedure,1
powerful,reduction,1
powerful,baseline,1
powerful,principle,1
powerful,planner,1
powerful,estimators,1
powerful,extractors,1
powerful,adversaries,1
powerful,capacity,1
powerful,learning,1
powerful,means,1
powerful,forms,1
powerful,predictor,1
powerful,attacker,1
powerful,balance,1
powerful,candidates,1
strong,performance,66
strong,regularization,51
strong,baseline,38
strong,baselines,37
strong,assumptions,37
strong,guarantees,31
strong,evidence,28
strong,results,25
strong,correlation,24
strong,examples,23
strong,generator,22
strong,bias,20
strong,supervision,18
strong,signal,16
strong,model,16
strong,data,16
strong,correlations,12
strong,assumption,12
strong,convexity,12
strong,priors,10
strong,gain,10
strong,weak,9
strong,properties,9
strong,duality,8
strong,capability,8
strong,attack,8
strong,box,8
strong,perturbation,7
strong,attacks,7
strong,models,7
strong,privacy,6
strong,consensus,6
strong,ability,6
strong,robustness,6
strong,generalization,5
strong,methods,5
strong,effect,5
strong,guaranties,5
strong,noise,5
strong,recovery,5
strong,one,5
strong,generators,5
strong,guarantee,5
strong,clustering,5
strong,labels,5
strong,adversary,5
strong,agent,5
strong,rules,4
strong,description,4
strong,connection,4
strong,constraints,4
strong,indication,4
strong,signals,4
strong,transferability,4
strong,defense,4
strong,dynamics,4
strong,samples,4
strong,structure,3
strong,discriminator,3
strong,nature,3
strong,motivation,3
strong,constraint,3
strong,discontinuities,3
strong,connections,3
strong,conclusions,3
strong,lines,3
strong,pseudo,3
strong,law,3
strong,power,3
strong,knowledge,3
strong,patterns,3
strong,support,3
strong,condition,3
strong,tuning,3
strong,bandit,3
strong,interventions,3
strong,sense,3
strong,relationship,3
strong,result,3
strong,contribution,3
strong,acceleration,3
strong,indicator,3
strong,approaches,3
strong,collapse,3
strong,points,2
strong,capabilities,2
strong,collateral,2
strong,dependence,2
strong,adversaries,2
strong,reward,2
strong,question,2
strong,improvement,2
strong,similarity,2
strong,biases,2
strong,distribution,2
strong,dependency,2
strong,capacity,2
strong,restriction,2
strong,potential,2
strong,property,2
strong,parameter,2
strong,need,2
strong,contrast,2
strong,similarities,2
strong,scheme,2
strong,nonlinearity,2
strong,conditions,2
strong,coverage,2
strong,prior,2
strong,learning,2
strong,ties,2
strong,requirements,2
strong,components,2
strong,form,2
strong,agreement,2
strong,links,2
strong,case,2
strong,divergence,2
strong,backing,2
strong,distances,2
strong,implications,2
strong,role,2
strong,defenses,2
strong,standard,2
strong,environment,2
strong,images,2
strong,annotations,2
strong,system,2
strong,vocabulary,2
strong,improvements,2
strong,present,2
strong,theory,2
strong,accuracies,2
strong,candidates,2
strong,resemblance,2
strong,functions,2
strong,observations,2
strong,decay,2
strong,adaptation,2
strong,programs,2
strong,training,2
strong,dynamic,2
strong,information,2
strong,extrapolation,1
strong,recognition,1
strong,metric,1
strong,composition,1
strong,peak,1
strong,utility,1
strong,outlier,1
strong,following,1
strong,dependencies,1
strong,generation,1
strong,counting,1
strong,connectivity,1
strong,change,1
strong,activity,1
strong,guidance,1
strong,deviation,1
strong,disorder,1
strong,effects,1
strong,artifacts,1
strong,restrictions,1
strong,dropout,1
strong,link,1
strong,curvature,1
strong,success,1
strong,tendency,1
strong,advance,1
strong,heuristics,1
strong,categories,1
strong,reconstruction,1
strong,scaling,1
strong,generalizations,1
strong,abilities,1
strong,gains,1
strong,learner,1
strong,cue,1
strong,preference,1
strong,blurring,1
strong,scenario,1
strong,constants,1
strong,bound,1
strong,prediction,1
strong,impact,1
strong,discussion,1
strong,guideline,1
strong,alignment,1
strong,extractors,1
strong,features,1
strong,tracker,1
strong,step,1
strong,opinion,1
strong,at,1
strong,sign,1
strong,use,1
strong,distance,1
strong,sub,1
strong,coupling,1
strong,contender,1
strong,wind,1
strong,gradient,1
strong,gradients,1
strong,boost,1
strong,cap,1
strong,iterative,1
strong,families,1
strong,relations,1
strong,difference,1
strong,point,1
strong,ones,1
strong,set,1
strong,approach,1
strong,gravity,1
strong,concavity,1
strong,edge,1
strong,trends,1
strong,representation,1
strong,indications,1
strong,theorem,1
strong,initialization,1
strong,notations,1
strong,periodicity,1
strong,proof,1
strong,analogies,1
strong,favor,1
strong,non,1
strong,term,1
strong,spikes,1
strong,penalty,1
strong,structured,1
strong,limitations,1
strong,differences,1
strong,locality,1
strong,dichotomy,1
strong,bi,1
strong,requirement,1
strong,aspect,1
strong,losses,1
strong,divergences,1
strong,ion,1
strong,oracles,1
strong,degree,1
strong,signs,1
strong,statement,1
strong,structural,1
strong,reducing,1
strong,line,1
strong,representations,1
strong,means,1
strong,convergence,1
strong,bounds,1
strong,space,1
strong,positiveness,1
strong,predictions,1
strong,compression,1
strong,shaping,1
strong,face,1
strong,duty,1
strong,reasons,1
strong,body,1
strong,keys,1
first,order,19
first,row,16
first,final,12
first,service,8
first,layer,5
first,labels,4
first,person,3
first,part,3
first,release,3
first,iteration,3
first,derivatives,3
first,moons,3
first,line,2
first,steps,2
first,decision,2
first,task,2
first,predictions,2
first,layers,2
first,strategy,2
first,column,2
first,principal,2
first,attempts,1
first,stage,1
first,results,1
first,block,1
first,window,1
first,example,1
first,pass,1
first,experiments,1
first,t,1
first,use,1
first,tensors,1
first,sentences,1
first,one,1
first,approach,1
first,derivative,1
first,kind,1
first,restriction,1
first,step,1
first,look,1
first,dynamics,1
first,lap,1
first,level,1
first,function,1
first,course,1
first,partition,1
first,note,1
first,matrix,1
first,time,1
fundamental,problem,16
fundamental,theorem,11
fundamental,difference,10
fundamental,task,9
fundamental,problems,8
fundamental,properties,8
fundamental,challenge,8
fundamental,tasks,7
fundamental,frequency,6
fundamental,model,6
fundamental,question,5
fundamental,connections,5
fundamental,component,4
fundamental,limitation,4
fundamental,concepts,4
fundamental,reason,4
fundamental,limits,4
fundamental,idea,3
fundamental,attributes,3
fundamental,aspects,3
fundamental,questions,3
fundamental,applications,2
fundamental,barrier,2
fundamental,requirement,2
fundamental,way,2
fundamental,material,2
fundamental,parameters,2
fundamental,characteristics,2
fundamental,facet,2
fundamental,formulation,2
fundamental,issue,2
fundamental,goal,2
fundamental,approach,2
fundamental,aspect,2
fundamental,challenges,2
fundamental,modules,2
fundamental,models,2
fundamental,operator,2
fundamental,issues,2
fundamental,level,2
fundamental,block,2
fundamental,machine,2
fundamental,structures,2
fundamental,limitations,2
fundamental,assumption,2
fundamental,weakness,2
fundamental,reasons,2
fundamental,role,2
fundamental,method,1
fundamental,limit,1
fundamental,advantage,1
fundamental,assumptions,1
fundamental,differences,1
fundamental,tool,1
fundamental,connection,1
fundamental,language,1
fundamental,operations,1
fundamental,mode,1
fundamental,elements,1
fundamental,property,1
fundamental,concern,1
fundamental,understanding,1
fundamental,bottleneck,1
fundamental,result,1
fundamental,skills,1
fundamental,predictions,1
fundamental,disconnect,1
fundamental,interest,1
fundamental,insight,1
fundamental,point,1
fundamental,nature,1
fundamental,families,1
fundamental,classes,1
fundamental,learning,1
fundamental,obstacle,1
fundamental,axioms,1
fundamental,similarities,1
fundamental,module,1
fundamental,experiences,1
fundamental,approaches,1
fundamental,coordinates,1
fundamental,procedure,1
fundamental,notion,1
fundamental,objective,1
fundamental,advancements,1
fundamental,algorithms,1
fundamental,relation,1
fundamental,need,1
fundamental,ideas,1
fundamental,aim,1
fundamental,ambiguities,1
fundamental,proposition,1
fundamental,ingredient,1
fundamental,decision,1
fundamental,enhancement,1
fundamental,domains,1
fundamental,equation,1
fundamental,premise,1
fundamental,off,1
fundamental,part,1
fundamental,bound,1
fundamental,behavior,1
fundamental,step,1
fundamental,rule,1
fundamental,phase,1
fundamental,limiting,1
fundamental,unit,1
fundamental,components,1
fundamental,drawback,1
systematic,study,11
systematic,code,8
systematic,analysis,7
systematic,deviation,7
systematic,way,5
systematic,learning,4
systematic,artifacts,4
systematic,approach,4
systematic,skills,4
systematic,comparison,3
systematic,evaluation,3
systematic,taxonomy,2
systematic,review,2
systematic,variations,2
systematic,differences,2
systematic,ways,2
systematic,composition,2
systematic,perturbations,2
systematic,forgetting,2
systematic,survey,2
systematic,experiments,2
systematic,set,1
systematic,correspondence,1
systematic,sis,1
systematic,explorations,1
systematic,biases,1
systematic,capabilities,1
systematic,as,1
systematic,form,1
systematic,analyses,1
systematic,change,1
systematic,mismatches,1
systematic,improvements,1
systematic,difference,1
systematic,studies,1
systematic,boost,1
systematic,notation,1
systematic,decrease,1
systematic,bootstrapping,1
systematic,manner,1
systematic,reduction,1
systematic,downstream,1
systematic,categorization,1
systematic,treatment,1
systematic,exploration,1
systematic,failure,1
systematic,performance,1
systematic,method,1
quality,network,2
quality,numbers,1
advanced,techniques,17
advanced,architectures,8
advanced,methods,7
advanced,optimizers,4
advanced,networks,4
advanced,technologies,4
advanced,algorithms,3
advanced,models,3
advanced,cancer,3
advanced,network,3
advanced,knowledge,3
advanced,theorem,2
advanced,agents,2
advanced,one,2
advanced,architecture,2
advanced,technique,2
advanced,search,2
advanced,ones,2
advanced,textbooks,2
advanced,topics,2
advanced,detector,2
advanced,systems,2
advanced,learning,2
advanced,theory,2
advanced,attacks,2
advanced,gradient,2
advanced,reasoning,2
advanced,rules,1
advanced,rule,1
advanced,forms,1
advanced,mechanisms,1
advanced,calculus,1
advanced,model,1
advanced,proposal,1
advanced,function,1
advanced,modeling,1
advanced,variants,1
advanced,example,1
advanced,scheme,1
advanced,structures,1
advanced,tor,1
advanced,state,1
advanced,system,1
advanced,composition,1
advanced,distance,1
advanced,approaches,1
advanced,editing,1
advanced,theorems,1
advanced,normalization,1
advanced,primitives,1
advanced,frameworks,1
advanced,strategies,1
advanced,locomotion,1
advanced,tuning,1
advanced,performance,1
advanced,optimization,1
rigorous,analysis,13
rigorous,guarantees,5
rigorous,manner,5
rigorous,perspective,5
rigorous,condition,5
rigorous,as,4
rigorous,calculations,4
rigorous,science,4
rigorous,proof,4
rigorous,study,3
rigorous,approach,3
rigorous,trials,3
rigorous,bounds,2
rigorous,foundation,2
rigorous,guarantee,2
rigorous,evidence,2
rigorous,explanation,2
rigorous,bound,2
rigorous,connection,2
rigorous,exploration,2
rigorous,approaches,2
rigorous,treatment,2
rigorous,argument,2
rigorous,formulation,2
rigorous,notion,1
rigorous,framework,1
rigorous,version,1
rigorous,learning,1
rigorous,results,1
rigorous,derivation,1
rigorous,grammars,1
rigorous,parameter,1
rigorous,performance,1
rigorous,test,1
rigorous,evaluation,1
rigorous,checking,1
rigorous,result,1
rigorous,statement,1
rigorous,metrics,1
rigorous,using,1
rigorous,hyper,1
rigorous,attempts,1
rigorous,setting,1
rigorous,constraint,1
rigorous,understanding,1
rigorous,theory,1
rigorous,search,1
rigorous,experiments,1
rigorous,footing,1
rigorous,terms,1
rigorous,link,1
rigorous,enough,1
essential,role,10
essential,component,6
essential,information,6
essential,property,5
essential,ingredient,4
essential,aspects,4
essential,part,4
essential,components,4
essential,architecture,4
essential,data,4
essential,properties,3
essential,step,3
essential,steps,3
essential,bias,2
essential,feature,2
essential,singularity,2
essential,knowledge,2
essential,difference,2
essential,features,2
essential,factor,2
essential,challenge,2
essential,cases,1
essential,space,1
essential,dimension,1
essential,representation,1
essential,block,1
essential,parameters,1
essential,insight,1
essential,help,1
essential,ways,1
essential,variation,1
essential,tool,1
essential,attributes,1
essential,operator,1
essential,differences,1
essential,contexts,1
essential,parts,1
essential,point,1
essential,limitations,1
essential,scaling,1
essential,concentration,1
essential,requirement,1
immediate,reward,40
immediate,rewards,13
immediate,neighborhood,5
immediate,corollary,5
immediate,word,5
immediate,activity,4
immediate,activities,4
immediate,applications,4
immediate,return,4
immediate,block,3
immediate,context,3
immediate,application,3
immediate,neighbors,3
immediate,insight,2
immediate,direction,2
immediate,advantage,2
immediate,action,2
immediate,work,2
immediate,communities,2
immediate,reduction,2
immediate,consequence,2
immediate,directions,2
immediate,symbol,2
immediate,adaptation,2
immediate,case,2
immediate,score,2
immediate,improvement,2
immediate,feedback,2
immediate,observations,2
immediate,function,2
immediate,neighbor,2
immediate,representation,2
immediate,way,1
immediate,applicability,1
immediate,obstacle,1
immediate,problem,1
immediate,contexts,1
immediate,outcome,1
immediate,knowledge,1
immediate,problems,1
immediate,message,1
immediate,effects,1
immediate,candidates,1
immediate,neighborhoods,1
immediate,proof,1
immediate,size,1
immediate,vicinity,1
immediate,head,1
immediate,crash,1
immediate,past,1
immediate,generalization,1
immediate,example,1
immediate,intuition,1
immediate,access,1
immediate,numbers,1
immediate,frames,1
immediate,decline,1
immediate,review,1
major,difference,22
major,drawback,19
major,challenge,17
major,differences,15
major,components,14
major,challenges,12
major,contributions,8
major,problems,8
major,contribution,8
major,role,8
major,concern,7
major,limitations,7
major,advantage,7
major,issue,7
major,bottleneck,6
major,problem,6
major,obstacle,6
major,limitation,6
major,scale,5
major,advances,5
major,reason,4
major,direction,4
major,factor,4
major,drawbacks,4
major,reasons,4
major,tasks,3
major,disadvantage,3
major,observations,3
major,languages,3
major,disease,3
major,modes,3
major,goals,3
major,cost,2
major,implementations,2
major,need,2
major,requirement,2
major,units,2
major,order,2
major,disadvantages,2
major,improvements,2
major,functions,2
major,aspects,2
major,metrics,2
major,approaches,2
major,diseases,2
major,chord,2
major,events,2
major,work,2
major,city,2
major,bend,2
major,roadblock,2
major,center,2
major,complexity,2
major,implications,2
major,question,2
major,hurdle,2
major,shift,2
major,methods,2
major,portal,2
major,cause,2
major,interval,2
major,distribution,2
major,exception,2
major,mechanisms,2
major,ordering,1
major,errors,1
major,issues,1
major,minor,1
major,groups,1
major,conclusion,1
major,factors,1
major,obstacles,1
major,part,1
major,performance,1
major,regret,1
major,advancements,1
major,implication,1
major,conclusions,1
major,approach,1
major,detriment,1
major,ablations,1
major,novelty,1
major,alleles,1
major,way,1
major,chords,1
major,setback,1
major,platforms,1
major,digit,1
major,concerns,1
major,critique,1
major,places,1
major,advance,1
major,appeal,1
major,computation,1
major,component,1
major,review,1
major,breakthrough,1
major,surprise,1
major,focus,1
major,innovation,1
major,respects,1
major,fault,1
major,classes,1
major,types,1
major,weakness,1
major,parameters,1
major,goal,1
major,effort,1
major,airline,1
major,property,1
major,row,1
major,chunk,1
major,shifts,1
major,shortcomings,1
major,emphasis,1
major,category,1
major,distinction,1
major,characteristic,1
major,company,1
major,section,1
major,stages,1
major,caveat,1
major,departure,1
major,concepts,1
major,categories,1
major,irreversibilities,1
major,barriers,1
major,source,1
major,package,1
major,results,1
major,properties,1
major,application,1
major,distortion,1
major,strength,1
major,degradation,1
major,point,1
major,block,1
major,advantages,1
major,areas,1
major,user,1
major,phases,1
major,jump,1
major,communities,1
major,databases,1
major,bottlenecks,1
major,step,1
major,argument,1
major,wars,1
major,breakthroughs,1
comprehensive,study,17
comprehensive,survey,15
comprehensive,analysis,11
comprehensive,overview,11
comprehensive,review,10
comprehensive,experiments,9
comprehensive,evaluation,9
comprehensive,comparison,7
comprehensive,set,5
comprehensive,understanding,4
comprehensive,view,4
comprehensive,evaluations,4
comprehensive,studies,3
comprehensive,introduction,3
comprehensive,directory,3
comprehensive,effects,2
comprehensive,comparisons,2
comprehensive,annotations,2
comprehensive,list,2
comprehensive,connection,2
comprehensive,measure,2
comprehensive,context,2
comprehensive,notions,2
comprehensive,information,2
comprehensive,landscapes,2
comprehensive,signal,2
comprehensive,database,1
comprehensive,features,1
comprehensive,introductions,1
comprehensive,results,1
comprehensive,presentation,1
comprehensive,tests,1
comprehensive,collection,1
comprehensive,details,1
comprehensive,reviews,1
comprehensive,experimentation,1
comprehensive,investigation,1
comprehensive,treatment,1
comprehensive,table,1
comprehensive,characterization,1
comprehensive,agnostic,1
comprehensive,description,1
comprehensive,guide,1
comprehensive,types,1
comprehensive,test,1
comprehensive,summary,1
massive,data,10
massive,number,8
massive,amounts,6
massive,noise,5
massive,amount,4
massive,exploration,4
massive,problem,4
massive,sets,4
massive,parameters,3
massive,games,2
massive,forums,2
massive,set,2
massive,volume,2
massive,representations,2
massive,images,2
massive,time,1
massive,parallelism,1
massive,attention,1
massive,numbers,1
massive,collections,1
massive,combination,1
massive,improvements,1
massive,reduction,1
massive,noisy,1
massive,test,1
massive,graphs,1
massive,summarization,1
massive,scale,1
massive,requirements,1
massive,campaigns,1
massive,volumes,1
massive,quantities,1
massive,rise,1
massive,success,1
massive,graph,1
remarkable,performance,13
remarkable,successes,8
remarkable,success,8
remarkable,progress,5
remarkable,results,3
remarkable,brain,2
remarkable,capability,2
remarkable,aspect,2
remarkable,studies,2
remarkable,feat,2
remarkable,property,2
remarkable,margin,2
remarkable,properties,2
remarkable,algorithm,2
remarkable,ability,1
remarkable,breakthrough,1
remarkable,robustness,1
remarkable,accuracy,1
remarkable,accuracies,1
remarkable,advances,1
remarkable,improvement,1
remarkable,overlap,1
remarkable,differences,1
remarkable,structure,1
remarkable,characteristics,1
remarkable,parallels,1
remarkable,promise,1
remarkable,result,1
remarkable,transform,1
remarkable,attention,1
remarkable,improvements,1
remarkable,regularity,1
remarkable,considering,1
remarkable,gains,1
remarkable,achievement,1
remarkable,quality,1
critical,points,257
critical,point,215
critical,structures,36
critical,value,15
critical,applications,14
critical,structure,13
critical,role,11
critical,analysis,10
critical,systems,8
critical,training,7
critical,component,6
critical,information,6
critical,difference,5
critical,learning,5
critical,step,5
critical,path,5
critical,database,4
critical,question,4
critical,assumption,4
critical,connection,4
critical,amount,4
critical,line,4
critical,hyper,3
critical,review,3
critical,aspect,3
critical,element,3
critical,parts,3
critical,problem,3
critical,parameters,3
critical,drawback,3
critical,settings,3
critical,part,3
critical,variables,3
critical,symmetry,2
critical,feature,2
critical,assumptions,2
critical,exponents,2
critical,facet,2
critical,states,2
critical,consequences,2
critical,feedback,2
critical,differences,2
critical,objective,2
critical,aspects,2
critical,time,2
critical,property,2
critical,operations,2
critical,regions,2
critical,trends,2
critical,requirement,2
critical,setting,2
critical,algorithm,2
critical,values,2
critical,cases,2
critical,challenge,2
critical,phenomena,2
critical,thresholds,2
critical,impact,1
critical,mode,1
critical,import,1
critical,aim,1
critical,scales,1
critical,issues,1
critical,survey,1
critical,tool,1
critical,decisions,1
critical,task,1
critical,gradient,1
critical,method,1
critical,clues,1
critical,tasks,1
critical,view,1
critical,gate,1
critical,ingredient,1
critical,medicine,1
critical,drivers,1
critical,weight,1
critical,challenges,1
critical,measurements,1
critical,prognosis,1
critical,factors,1
critical,mission,1
critical,features,1
critical,roles,1
critical,patterns,1
critical,choices,1
critical,test,1
critical,threshold,1
critical,hubs,1
critical,scenario,1
critical,importance,1
critical,constraints,1
critical,baseline,1
critical,scenarios,1
critical,factor,1
critical,choice,1
critical,moments,1
critical,areas,1
critical,term,1
critical,infrastructure,1
critical,assessment,1
critical,optimizations,1
critical,examples,1
critical,parameter,1
critical,tools,1
critical,prior,1
critical,curve,1
critical,care,1
critical,determinant,1
critical,behavior,1
critical,situations,1
critical,piece,1
critical,limitations,1
critical,program,1
relevant,information,88
relevant,features,37
relevant,work,22
relevant,results,16
relevant,parameters,10
relevant,part,10
relevant,values,9
relevant,parts,9
relevant,factors,8
relevant,properties,8
relevant,inputs,7
relevant,literature,7
relevant,elements,7
relevant,question,7
relevant,content,7
relevant,signal,7
relevant,samples,7
relevant,terms,6
relevant,as,6
relevant,primitives,6
relevant,entities,6
relevant,works,5
relevant,sentences,5
relevant,tasks,5
relevant,knowledge,5
relevant,image,5
relevant,words,5
relevant,assertions,5
relevant,objects,4
relevant,predictions,4
relevant,signals,4
relevant,topics,4
relevant,document,4
relevant,categories,4
relevant,rows,4
relevant,regions,4
relevant,problem,4
relevant,components,4
relevant,items,4
relevant,domain,4
relevant,summaries,3
relevant,probabilities,3
relevant,caption,3
relevant,attributes,3
relevant,background,3
relevant,codes,3
relevant,aspects,3
relevant,proposals,3
relevant,object,3
relevant,dimensions,3
relevant,problems,3
relevant,review,3
relevant,space,3
relevant,assets,3
relevant,ones,3
relevant,spans,3
relevant,quantities,3
relevant,baselines,3
relevant,benchmarks,3
relevant,examples,3
relevant,functions,3
relevant,role,3
relevant,contribution,3
relevant,improvements,3
relevant,variants,3
relevant,concepts,3
relevant,direction,3
relevant,property,3
relevant,studies,3
relevant,edges,3
relevant,distribution,2
relevant,formation,2
relevant,summary,2
relevant,captions,2
relevant,responses,2
relevant,list,2
relevant,facts,2
relevant,observation,2
relevant,documents,2
relevant,score,2
relevant,details,2
relevant,constraints,2
relevant,graph,2
relevant,moments,2
relevant,event,2
relevant,attacks,2
relevant,sentence,2
relevant,metrics,2
relevant,parameter,2
relevant,topic,2
relevant,range,2
relevant,semantics,2
relevant,pigments,2
relevant,columns,2
relevant,context,2
relevant,cases,2
relevant,neurons,2
relevant,x,2
relevant,data,2
relevant,set,2
relevant,evidence,2
relevant,line,2
relevant,task,2
relevant,utterance,2
relevant,communities,2
relevant,computations,2
relevant,derivatives,2
relevant,entry,2
relevant,passages,2
relevant,operators,2
relevant,banks,2
relevant,applications,2
relevant,increases,2
relevant,branch,2
relevant,states,2
relevant,groups,2
relevant,directions,2
relevant,densities,1
relevant,component,1
relevant,arrows,1
relevant,step,1
relevant,in,1
relevant,regime,1
relevant,distances,1
relevant,correlations,1
relevant,derivations,1
relevant,piece,1
relevant,papers,1
relevant,structure,1
relevant,observations,1
relevant,connection,1
relevant,feature,1
relevant,fact,1
relevant,factor,1
relevant,extension,1
relevant,application,1
relevant,navigation,1
relevant,criteria,1
relevant,word,1
relevant,sub,1
relevant,study,1
relevant,notations,1
relevant,experiments,1
relevant,variables,1
relevant,bits,1
relevant,enough,1
relevant,language,1
relevant,portions,1
relevant,recall,1
relevant,classes,1
relevant,predictors,1
relevant,hyper,1
relevant,numbers,1
relevant,types,1
relevant,characteristics,1
relevant,those,1
relevant,purposes,1
relevant,relevant,1
relevant,offs,1
relevant,endeavor,1
relevant,input,1
relevant,wrong,1
relevant,noise,1
relevant,pathways,1
relevant,primitive,1
relevant,extraction,1
relevant,scale,1
relevant,point,1
relevant,ranges,1
relevant,tool,1
relevant,item,1
relevant,source,1
relevant,measure,1
relevant,measures,1
relevant,example,1
relevant,skills,1
relevant,tissue,1
relevant,queries,1
relevant,subset,1
relevant,sample,1
relevant,points,1
relevant,mechanisms,1
relevant,region,1
relevant,subtypes,1
relevant,symbols,1
relevant,conclusions,1
relevant,value,1
relevant,structures,1
relevant,calls,1
relevant,programs,1
relevant,category,1
relevant,matrix,1
relevant,locations,1
relevant,embeddings,1
relevant,bank,1
relevant,manner,1
relevant,nodes,1
relevant,subgroup,1
relevant,memory,1
relevant,patterns,1
relevant,modes,1
relevant,function,1
relevant,terrain,1
relevant,relations,1
relevant,quantity,1
relevant,relational,1
relevant,inconsistency,1
relevant,steps,1
relevant,prototypes,1
relevant,diversity,1
relevant,paths,1
relevant,neighbors,1
relevant,priors,1
relevant,history,1
relevant,researches,1
relevant,attention,1
relevant,metric,1
relevant,option,1
relevant,dynamics,1
relevant,swimming,1
easy,tasks,14
easy,task,13
easy,way,12
easy,examples,12
easy,samples,8
easy,images,5
easy,from,5
easy,set,5
easy,solutions,3
easy,comparison,3
easy,questions,3
easy,domain,3
easy,problems,3
easy,instances,3
easy,test,3
easy,reproduction,2
easy,training,2
easy,words,2
easy,cases,2
easy,learning,2
easy,case,2
easy,inputs,2
easy,as,2
easy,methods,2
easy,scenario,2
easy,ones,2
easy,things,2
easy,analog,2
easy,adaptation,2
easy,model,2
easy,problem,2
easy,classes,2
easy,means,2
easy,application,2
easy,sequence,1
easy,consideration,1
easy,composition,1
easy,ways,1
easy,program,1
easy,gradient,1
easy,pairs,1
easy,integration,1
easy,framework,1
easy,resources,1
easy,example,1
easy,stimuli,1
easy,instance,1
easy,visualization,1
easy,transfer,1
easy,groups,1
easy,one,1
easy,review,1
easy,formulations,1
easy,version,1
easy,output,1
easy,stage,1
easy,setting,1
easy,subset,1
easy,choice,1
easy,construction,1
easy,type,1
easy,games,1
easy,start,1
easy,extension,1
easy,independent,1
easy,ranges,1
easy,distribution,1
easy,victories,1
easy,implementation,1
easy,results,1
easy,approach,1
easy,solution,1
easy,scalability,1
easy,use,1
biggest,difference,6
biggest,gain,4
biggest,impact,3
biggest,advantage,3
biggest,challenge,2
biggest,advantages,2
biggest,architecture,1
biggest,value,1
biggest,number,1
biggest,disadvantage,1
biggest,category,1
biggest,improvement,1
biggest,challenges,1
biggest,improvements,1
biggest,observations,1
biggest,effect,1
biggest,weakness,1
biggest,website,1
biggest,drop,1
daunting,task,2
daunting,challenge,1
huge,number,15
huge,space,9
huge,amount,9
huge,quantities,5
huge,amounts,5
huge,success,5
huge,cost,4
huge,networks,4
huge,size,4
huge,data,4
huge,power,3
huge,time,3
huge,variance,3
huge,difference,3
huge,upset,3
huge,effect,2
huge,network,2
huge,repository,2
huge,matrix,2
huge,actions,2
huge,body,2
huge,capacity,2
huge,decrease,2
huge,services,2
huge,demand,2
huge,income,1
huge,thousands,1
huge,pull,1
huge,document,1
huge,penalty,1
huge,architectures,1
huge,bottleneck,1
huge,drop,1
huge,selection,1
huge,corpus,1
huge,batches,1
huge,increase,1
huge,disparity,1
huge,state,1
huge,corpora,1
huge,disadvantage,1
huge,differences,1
huge,effort,1
huge,reduction,1
huge,volume,1
huge,vector,1
huge,boost,1
huge,quantity,1
huge,factory,1
huge,ears,1
huge,impact,1
huge,jump,1
huge,promise,1
huge,gains,1
huge,volumes,1
huge,resources,1
huge,variety,1
huge,government,1
huge,subsidies,1
huge,scale,1
huge,collection,1
huge,misunderstanding,1
huge,improvement,1
huge,progress,1
outstanding,performance,13
outstanding,results,4
outstanding,ability,2
outstanding,model,1
outstanding,performances,1
outstanding,power,1
outstanding,details,1
outstanding,capability,1
outstanding,support,1
outstanding,abilities,1
synergistic,effect,1
synergistic,improvements,1
crucial,role,12
crucial,difference,11
crucial,importance,5
crucial,observation,5
crucial,step,4
crucial,component,4
crucial,property,4
crucial,information,4
crucial,vectors,4
crucial,part,3
crucial,ingredient,3
crucial,effect,3
crucial,aspects,3
crucial,feature,2
crucial,question,2
crucial,challenge,2
crucial,drawback,2
crucial,problems,2
crucial,task,2
crucial,advantage,2
crucial,aspect,2
crucial,limitation,2
crucial,direction,2
crucial,tricks,2
crucial,time,2
crucial,policy,1
crucial,measure,1
crucial,idea,1
crucial,phenomena,1
crucial,topic,1
crucial,aid,1
crucial,challenges,1
crucial,capabilities,1
crucial,impact,1
crucial,factor,1
crucial,pixels,1
crucial,topics,1
crucial,way,1
crucial,obstacle,1
crucial,elements,1
crucial,operator,1
crucial,departure,1
crucial,requirements,1
crucial,choice,1
crucial,engrams,1
crucial,thing,1
crucial,features,1
crucial,goal,1
crucial,point,1
crucial,tasks,1
crucial,sentences,1
dedicated,hardware,8
dedicated,models,4
dedicated,memories,4
dedicated,kernel,2
dedicated,axes,2
dedicated,ones,2
dedicated,methods,2
dedicated,learning,2
dedicated,selector,2
dedicated,processor,2
dedicated,accelerator,1
dedicated,script,1
dedicated,pathways,1
dedicated,axis,1
dedicated,algorithms,1
dedicated,chip,1
dedicated,method,1
dedicated,node,1
careful,tuning,14
careful,initialization,10
careful,choice,8
careful,study,7
careful,design,7
careful,scaling,6
careful,analysis,5
careful,descent,5
careful,selection,4
careful,construction,2
careful,comparison,2
careful,training,2
careful,setup,2
careful,setting,2
careful,consideration,2
careful,treatment,2
careful,set,2
careful,seeding,2
careful,balance,2
careful,calculation,2
careful,modeling,2
careful,parameter,1
careful,case,1
careful,application,1
careful,engineering,1
careful,coding,1
careful,handling,1
careful,investigation,1
careful,changes,1
careful,inspection,1
careful,reasoning,1
careful,management,1
careful,reader,1
careful,adaptation,1
careful,optimization,1
careful,regularization,1
careful,collection,1
careful,exploration,1
careful,controls,1
careful,cation,1
careful,evaluation,1
careful,schedule,1
careful,reading,1
careful,balancing,1
careful,evaluations,1
careful,choices,1
careful,curation,1
careful,control,1
careful,look,1
careful,thought,1
careful,readers,1
careful,understanding,1
careful,imposes,1
careful,task,1
careful,observation,1
careful,experiments,1
careful,access,1
careful,attention,1
vibrant,areas,1
innovative,architecture,6
innovative,pipelines,4
innovative,analysis,3
innovative,architectures,3
innovative,introduction,1
innovative,mechanism,1
innovative,combinations,1
innovative,way,1
innovative,learning,1
innovative,behavior,1
innovative,layers,1
innovative,formulation,1
innovative,therapies,1
innovative,models,1
experienced,sorter,2
experienced,programmer,2
experienced,value,2
experienced,radiologists,1
experienced,engineer,1
experienced,replay,1
experienced,cancer,1
experienced,enables,1
experienced,states,1
experienced,impressions,1
exciting,opportunities,4
exciting,work,4
exciting,avenue,4
exciting,line,3
exciting,direction,3
exciting,technique,2
exciting,directions,2
exciting,applications,2
exciting,processes,2
exciting,application,2
exciting,spotlight,1
exciting,result,1
exciting,bridge,1
exciting,possibility,1
exciting,message,1
exciting,model,1
exciting,opportunity,1
considerable,attention,10
considerable,amount,10
considerable,improvement,8
considerable,effort,6
considerable,improvements,5
considerable,success,4
considerable,cost,4
considerable,margin,3
considerable,advantage,3
considerable,loss,2
considerable,activity,2
considerable,interest,2
considerable,number,2
considerable,est,2
considerable,boost,2
considerable,challenges,2
considerable,time,2
considerable,slowdown,2
considerable,support,2
considerable,density,1
considerable,attentions,1
considerable,expense,1
considerable,extension,1
considerable,percentage,1
considerable,drawback,1
considerable,portion,1
considerable,work,1
considerable,overlap,1
considerable,works,1
considerable,detail,1
considerable,gap,1
considerable,memory,1
considerable,details,1
considerable,redundancy,1
considerable,drop,1
considerable,effect,1
considerable,body,1
considerable,size,1
considerable,room,1
considerable,difference,1
considerable,compressions,1
considerable,variability,1
considerable,reduction,1
considerable,engineering,1
considerable,machinery,1
considerable,power,1
considerable,instability,1
considerable,research,1
considerable,correlation,1
considerable,variations,1
considerable,progress,1
considerable,variation,1
considerable,gains,1
considerable,decrease,1
considerable,sharing,1
considerable,diversity,1
considerable,oscillation,1
considerable,successes,1
considerable,variance,1
considerable,part,1
latest,models,10
latest,parameters,8
latest,version,5
latest,development,3
latest,opponent,3
latest,value,3
latest,methods,2
latest,versions,2
latest,agent,2
latest,developments,2
latest,lecture,2
latest,activations,2
latest,activation,2
latest,costs,2
latest,task,2
latest,measurements,2
latest,output,2
latest,algorithm,2
latest,feature,2
latest,valuations,2
latest,states,2
latest,state,2
latest,revision,1
latest,advancements,1
latest,results,1
latest,points,1
latest,iterate,1
latest,measurement,1
latest,elements,1
latest,model,1
latest,sample,1
latest,weights,1
latest,student,1
latest,input,1
latest,matches,1
latest,release,1
latest,heuristics,1
latest,part,1
latest,action,1
latest,method,1
latest,advances,1
latest,scores,1
latest,dump,1
latest,gradients,1
latest,baselines,1
latest,techniques,1
latest,policy,1
latest,performance,1
latest,memory,1
latest,algorithms,1
imperative,language,6
imperative,concerns,1
imperative,programs,1
imperative,one,1
imperative,interface,1
overwhelming,majority,2
overwhelming,advantage,2
overwhelming,probability,2
overwhelming,number,1
overwhelming,likelihood,1
ready,representations,2
ready,techniques,2
ready,way,1
ready,files,1
ready,made,1
ready,codes,1
ready,until,1
ready,version,1
vast,majority,33
vast,amount,8
vast,literature,7
vast,number,7
vast,amounts,6
vast,quantity,4
vast,evidence,4
vast,differences,3
vast,body,3
vast,batches,2
vast,quantities,2
vast,images,2
vast,area,1
vast,demand,1
vast,sizes,1
vast,improvement,1
vast,range,1
vast,applications,1
vast,diversity,1
vast,set,1
vast,space,1
vast,superiority,1
vast,documentation,1
vast,databases,1
vast,question,1
accessible,database,4
accessible,approach,2
accessible,supervision,2
accessible,states,2
accessible,data,2
accessible,mechanism,2
accessible,information,2
accessible,volume,2
accessible,corpus,2
accessible,space,1
accessible,training,1
accessible,introductions,1
accessible,evidence,1
timely,manner,2
timely,prediction,2
timely,ion,2
timely,example,1
timely,fashion,1
timely,decision,1
timely,execution,1
attractive,optima,10
attractive,properties,9
attractive,feature,4
attractive,applications,2
attractive,approach,2
attractive,grounding,2
attractive,quality,1
attractive,strategy,1
attractive,term,1
attractive,choice,1
attractive,path,1
attractive,alternative,1
attractive,option,1
attractive,testbed,1
attractive,capabilities,1
attractive,offering,1
attractive,basis,1
attractive,model,1
invaluable,insights,2
compelling,results,6
compelling,theories,2
compelling,reason,2
compelling,application,2
compelling,samples,2
compelling,evidence,2
compelling,advantages,2
compelling,aspect,1
compelling,reasons,1
compelling,demonstration,1
compelling,testbeds,1
compelling,formulation,1
compelling,images,1
compelling,case,1
compelling,corollary,1
compelling,outputs,1
compelling,visualizations,1
compelling,performance,1
compelling,story,1
compelling,cases,1
compelling,translation,1
compelling,examples,1
compelling,explanation,1
ultimate,goal,15
ultimate,rates,4
ultimate,application,3
ultimate,performance,3
ultimate,speed,2
ultimate,layer,2
ultimate,adversary,2
ultimate,goals,2
ultimate,importance,1
ultimate,separation,1
ultimate,device,1
ultimate,model,1
ultimate,interest,1
ultimate,prediction,1
ultimate,objective,1
unprecedented,success,4
unprecedented,performance,2
unprecedented,power,2
unprecedented,sizes,2
unprecedented,scale,1
unprecedented,amounts,1
unprecedented,range,1
unprecedented,results,1
unprecedented,quality,1
unprecedented,progress,1
vital,signs,8
vital,role,5
vital,part,2
vital,measurements,2
vital,roles,1
vital,challenge,1
vital,piece,1
vital,advantages,1
vital,skill,1
vital,features,1
vital,importance,1
vital,parts,1
surprising,result,6
surprising,property,4
surprising,results,3
surprising,relationship,3
surprising,observation,2
surprising,success,2
surprising,considering,2
surprising,probability,2
surprising,events,2
surprising,characteristics,2
surprising,cheeseburger,2
surprising,ways,1
surprising,without,1
surprising,performance,1
surprising,as,1
surprising,taking,1
surprising,lesson,1
surprising,conclusion,1
surprising,margin,1
surprising,thought,1
surprising,connection,1
surprising,discoveries,1
surprising,experiences,1
surprising,strength,1
surprising,amount,1
surprising,ability,1
surprising,commonality,1
surprising,details,1
surprising,phenomenon,1
surprising,effectiveness,1
surprising,example,1
surprising,words,1
surprising,behavior,1
surprising,contrast,1
safer,mediation,1
safer,designs,1
safer,training,1
safer,ones,1
safer,figure,1
safer,experiment,1
safer,adjusting,1
strategic,writer,8
strategic,actions,7
strategic,planning,2
strategic,bidding,2
strategic,view,2
strategic,approaches,1
strategic,agents,1
strategic,collaboration,1
strategic,information,1
strategic,transmission,1
strategic,elements,1
strategic,exploration,1
strategic,goals,1
strategic,learning,1
strategic,environments,1
seamless,integration,2
seamless,connection,1
seamless,nature,1
seamless,covers,1
tailored,version,1
tailored,product,1
pivotal,screening,4
pivotal,role,3
pivotal,language,3
pivotal,step,1
significant,need,2
significant,accuracies,2
greatest,extent,4
greatest,importance,2
greatest,reward,2
greatest,magnitude,2
greatest,teams,2
greatest,number,2
greatest,variance,2
greatest,gradient,2
greatest,loss,2
greatest,breakthroughs,1
greatest,diversity,1
greatest,promise,1
greatest,levels,1
greatest,probability,1
greatest,domain,1
greatest,depth,1
greatest,descent,1
reproducible,sets,1
reproducible,research,1
reproducible,purpose,1
reproducible,benchmark,1
reproducible,experiments,1
generalizable,program,8
generalizable,examples,5
generalizable,patterns,3
generalizable,solutions,3
generalizable,models,3
generalizable,knowledge,2
generalizable,samples,2
generalizable,optima,2
generalizable,representation,2
generalizable,layers,2
generalizable,learning,1
generalizable,descriptions,1
generalizable,strategies,1
generalizable,function,1
generalizable,programs,1
generalizable,framework,1
generalizable,information,1
generalizable,policy,1
generalizable,hypotheses,1
generalizable,review,1
generalizable,blocks,1
generalizable,means,1
generalizable,agent,1
generalizable,model,1
generalizable,agents,1
interdisciplinary,bridges,3
devastating,effect,1
tremendous,success,7
tremendous,effort,3
tremendous,amount,2
tremendous,need,2
tremendous,cess,2
tremendous,challenge,1
tremendous,importance,1
tremendous,difference,1
tremendous,help,1
tremendous,progress,1
tremendous,advances,1
tremendous,power,1
tremendous,capacity,1
tremendous,potential,1
tremendous,growth,1
sustainable,website,1
sustainable,mapping,1
skilled,agent,4
skilled,repertoires,3
skilled,character,3
skilled,policy,3
skilled,player,2
skilled,employer,2
skilled,demonstrator,2
skilled,user,1
skilled,annotation,1
skilled,workers,1
incredible,network,3
incredible,risk,2
incredible,pork,2
incredible,talent,2
incredible,progress,1
incredible,interest,1
incredible,accuracies,1
incredible,ability,1
creative,applications,4
creative,process,2
creative,as,1
creative,designers,1
creative,sequences,1
creative,points,1
creative,art,1
fastest,learning,4
fastest,convergence,3
fastest,way,2
fastest,attack,2
fastest,generalization,2
fastest,training,1
fastest,leaning,1
fastest,speed,1
fastest,graph,1
fastest,method,1
fastest,methods,1
fastest,solver,1
fastest,algorithm,1
fastest,version,1
fastest,placements,1
fastest,decrease,1
fastest,time,1
actionable,insights,3
actionable,techniques,2
actionable,information,1
actionable,insight,1
actionable,off,1
efficient,evidence,2
efficient,estimation,2
efficient,classification,1
efficient,nets,1
efficient,sampling,1
efficient,algorithm,1
efficient,case,1
efficient,framework,1
efficient,paper,1
efficient,learning,1
efficient,pseudo,1
urgent,task,1
urgent,text,1
urgent,line,1
exceptional,results,3
exceptional,performance,2
exceptional,case,1
exceptional,degree,1
exceptional,assignment,1
exceptional,value,1
exceptional,attention,1
foundational,concepts,2
foundational,approach,1
foundational,paper,1
foundational,understanding,1
foundational,assumption,1
foundational,reason,1
productive,use,1
intellectual,properties,2
intellectual,operations,1
unanswered,question,4
unparalleled,capacity,1
unparalleled,results,1
stark,contrast,10
stark,difference,1
stark,disagreement,1
longstanding,history,2
longstanding,challenge,1
longstanding,task,1
longstanding,challenges,1
indispensable,space,1
indispensable,component,1
ambitious,possibilities,1
ambitious,scenario,1
ambitious,hypothesis,1
ambitious,model,1
paramount,importance,2
immense,attention,1
expansive,cost,2
expansive,set,1
nuanced,opinion,3
nuanced,cues,2
nuanced,comparison,1
myriad,downstream,1
durable,goods,2
elusive,goal,1
